Workbook
Name ErrLogAreaApr: 'Apr 22'!$C:$C
Name ErrLogAreaAug: 'Aug 22'!$C:$C
Name ErrLogAreaDec: 'Dec 22'!$C:$C
Name ErrLogAreaFeb: 'Feb 22'!$C:$C
Name ErrLogAreaJan: 'Jan 22'!$C:$C
Name ErrLogAreaJul: 'Jul 22'!$C:$C
Name ErrLogAreaJun: 'Jun 22'!$C:$C
Name ErrLogAreaMar: 'Mar 22'!$C:$C
Name ErrLogAreaMay: 'May 22'!$C:$C
Name ErrLogAreaNov: 'Nov 22'!$C:$C
Name ErrLogAreaOct: 'Oct 22'!$C:$C
Name ErrLogAreaSep: 'Sep 22'!$C:$C
Name ErrLogDateApr: 'Apr 22'!$B:$B
Name ErrLogDateAug: 'Aug 22'!$B:$B
Name ErrLogDateDec: 'Dec 22'!$B:$B
Name ErrLogDateFeb: 'Feb 22'!$B:$B
Name ErrLogDateJan: 'Jan 22'!$B:$B
Name ErrLogDateJul: 'Jul 22'!$B:$B
Name ErrLogDateJun: 'Jun 22'!$B:$B
Name ErrLogDateMar: 'Mar 22'!$B:$B
Name ErrLogDateMay: 'May 22'!$B:$B
Name ErrLogDateNov: 'Nov 22'!$B:$B
Name ErrLogDateOct: 'Oct 22'!$B:$B
Name ErrLogDateSep: 'Sep 22'!$B:$B
Name ErrLogTypeApr: 'Apr 22'!$H:$H
Name ErrLogTypeAug: 'Aug 22'!$H:$H
Name ErrLogTypeDec: 'Dec 22'!$H:$H
Name ErrLogTypeFeb: 'Feb 22'!$H:$H
Name ErrLogTypeJan: 'Jan 22'!$H:$H
Name ErrLogTypeJul: 'Jul 22'!$H:$H
Name ErrLogTypeJun: 'Jun 22'!$H:$H
Name ErrLogTypeMar: 'Mar 22'!$H:$H
Name ErrLogTypeMay: 'May 22'!$H:$H
Name ErrLogTypeNov: 'Nov 22'!$H:$H
Name ErrLogTypeOct: 'Oct 22'!$H:$H
Name ErrLogTypeSep: 'Sep 22'!$H:$H

Sheet Jan 22
C2: Error Record
C3: 44562
B5: Date | C5: Production Area | D5: Licensed Status | E5: Product | F5: Product Category | G5: When Was Error Detected | H5: Error Type - PPU | I5: Error Type - NAERS | J5: Who Made Error | K5: Who Detected Error | L5: Contributing Factors | M5: GMP Failure Severity | N5: Potential Outcome | O5: Did This Lead To CAPA/RCA | P5: Comments
B7: 44565 | C7: Zone 5 PN | D7: B - Made under Section 10 | E7: adult bag | F7: C - Parenteral Nutrition - adult | G7: C - Check in preparation area | H7: E - Assembly of starting materials | I7: E15 - Incorrect batch number for diluent vials recorded (Assembly) | J7: Op 25 | K7: Op 29 | L7: N - Distraction | M7: Low | N7: None | O7: No | P7: No BN recorded for WFI
B8: 44565 | C8: Zone 5 PN | D8: B - Made under Section 10 | E8: adult bag | F8: C - Parenteral Nutrition - adult | G8: C - Check in preparation area | H8: E - Assembly of starting materials | I8: E7 - Incorrect quantity/volume of diluent assembled (Assembly) | J8: Op 84 | K8: Op 29 | L8: N - Distraction | M8: Low | N8: None | O8: No | P8: No glucose 40% set up
B9: 44565 | C9: Zone 5 PN | D9: B - Made under Section 10 | E9: adult bag | F9: C - Parenteral Nutrition - adult | G9: C - Check in preparation area | H9: E - Assembly of starting materials | I9: E7 - Incorrect quantity/volume of diluent assembled (Assembly) | J9: Op 42 | K9: Op 29 | L9: N - Distraction | M9: Low | N9: None | O9: No | P9: 1 extra smof bottle set up
B10: 44565 | C10: Zone 5 PN | D10: B - Made under Section 10 | E10: Paed Bag | F10: D - Parenteral Nutrition - paed | G10: C - Check in preparation area | H10: E - Assembly of starting materials | I10: E13 - Incorrect batch number for drug vials recorded (Assembly) | J10: Op 43 | K10: Op 29 | L10: N - Distraction | M10: Low | N10: None | O10: No | P10: BN not recorded for Vaminolact
B11: 44565 | C11: Zone 5 PN | D11: B - Made under Section 10 | E11: Paed Bag | F11: D - Parenteral Nutrition - paed | G11: C - Check in preparation area | H11: E - Assembly of starting materials | I11: E3 - Incorrect quantity of drug vials assembled (Assembly) | J11: Op 31 | K11: Op 29 | L11: N - Distraction | M11: Low | N11: None | O11: No | P11: 1 extra vaminolact set up
B12: 44565 | C12: Zone 5 PN | D12: B - Made under Section 10 | E12: Paed Bag | F12: D - Parenteral Nutrition - paed | G12: C - Check in preparation area | H12: E - Assembly of starting materials | I12: E1 - Incorrect drug assembled (Assembly) | J12: Op 105 | K12: Op 29 | L12: N - Distraction | M12: Low | N12: None | O12: No | P12: sodium glycerphosphate set up instead of calcium
B13: 44565 | C13: Zone 5 PN | D13: B - Made under Section 10 | E13: paed fat | F13: D - Parenteral Nutrition - paed | G13: C - Check in preparation area | H13: E - Assembly of starting materials | I13: E3 - Incorrect quantity of drug vials assembled (Assembly) | J13: Op 105 | K13: Op 29 | L13: N - Distraction | M13: Low | N13: None | O13: No | P13: Only set up for 1 bottle, 2 required
B14: 44566 | C14: Zone 5 PN | D14: B - Made under Section 10 | E14: Paed Bag | F14: D - Parenteral Nutrition - paed | G14: C - Check in preparation area | H14: E - Assembly of starting materials | I14: E3 - Incorrect quantity of drug vials assembled (Assembly) | J14: Op 68 | K14: Op 10 | L14: N - Distraction | M14: Low | N14: None | O14: No | P14: not enough potassium acetate set up
B15: 44566 | C15: Zone 5 PN | D15: B - Made under Section 10 | E15: Paed Bag | F15: D - Parenteral Nutrition - paed | G15: C - Check in preparation area | H15: E - Assembly of starting materials | I15: E7 - Incorrect quantity/volume of diluent assembled (Assembly) | J15: Op 68 | K15: Op 10 | L15: N - Distraction | M15: Low | N15: None | O15: No | P15: not enough glucose 50% set up
B16: 44566 | C16: Zone 5 PN | D16: B - Made under Section 10 | E16: adult bag | F16: C - Parenteral Nutrition - adult | G16: C - Check in preparation area | H16: E - Assembly of starting materials | I16: E6 - Incorrect strength of diluent assembled (Assembly) | J16: Op 68 | K16: Op 10 | L16: N - Distraction | M16: Low | N16: None | O16: No | P16: glucose 50% set up instead of 10%
B17: 44566 | C17: Zone 5 PN | D17: B - Made under Section 10 | E17: adult bag | F17: c - Parenteral Nutrition - adult | G17: C - Check in preparation area | H17: E - Assembly of starting materials | I17: E13 - Incorrect batch number for drug vials recorded (Assembly) | J17: Op 68 | K17: Op 10 | L17: N - Distraction | M17: Low | N17: None | O17: No | P17: one of two aminoven BN not recorded
B18: 44566 | C18: Zone 5 PN | D18: B - Made under Section 10 | E18: adult bag | F18: C - Parenteral Nutrition - adult | G18: C - Check in preparation area | H18: E - Assembly of starting materials | I18: E7 - Incorrect quantity/volume of diluent assembled (Assembly) | J18: Op 68 | K18: Op 10 | L18: N - Distraction | M18: Low | N18: None | O18: No | P18: no WFI set up
... B153: 44592 | C153: Zone 5 Cyt | D153: B - Made under Section 10 | E153: Doxorubicin DC beads | F153: B - Cytotoxic paed | G153: C - Check in preparation area | H153: C - Label generation errors | I153: C1 - Incorrect patient details (Label generation) | J153: Op 67 | K153: Op 105 | L153: N - Distraction | M153: Low | N153: None | O153: No | P153: incorrect spelling of patients name

Sheet Feb 22
C2: Error Record
C3: 44593
B5: Date | C5: Production Area | D5: Licensed Status | E5: Product | F5: Product Category | G5: When Was Error Detected | H5: Error Type - PPU | I5: Error Type - NAERS | J5: Who Made Error | K5: Who Detected Error | L5: Contributing Factors | M5: GMP Failure Severity | N5: Potential Outcome | O5: Did This Lead To CAPA/RCA | P5: Comments
B6: 44593 | C6: Zone 5 PN | D6: B - Made under Section 10 | E6: Adult Bag | F6: C - Parenteral Nutrition - adult | G6: C - Check in preparation area | H6: E - Assembly of starting materials | I6: E1 - Incorrect drug assembled (Assembly) | J6: Op 68 | K6: Op 31 | L6: N - Distraction | M6: Low | N6: None | O6: No | P6: Missing vitlipid adult
B7: 44593 | C7: Zone 5 PN | D7: B - Made under Section 10 | E7: Paed Bag | F7: D - Parenteral Nutrition - paed | G7: C - Check in preparation area | H7: E - Assembly of starting materials | I7: E3 - Incorrect quantity of drug vials assembled (Assembly) | J7: Op 68 | K7: Op 31 | L7: N - Distraction | M7: Low | N7: None | O7: No | P7: excess vials of potassium chloride assembled
B8: 44593 | C8: Zone 5 PN | D8: B - Made under Section 10 | E8: Paed Bag | F8: D - Parenteral Nutrition - paed | G8: C - Check in preparation area | H8: E - Assembly of starting materials | I8: E13 - Incorrect batch number for drug vials recorded (Assembly) | J8: Op 23 | K8: Op 10 | L8: N - Distraction | M8: Low | N8: None | O8: No | P8: one of two SMOF batch numbers not recorded
B9: 44593 | C9: Zone 5 PN | D9: B - Made under Section 10 | E9: Fat Bag | F9: D - Parenteral Nutrition - paed | G9: C - Check in preparation area | H9: E - Assembly of starting materials | I9: E3 - Incorrect quantity of drug vials assembled (Assembly) | J9: Op 47 | K9: Op 31 | L9: N - Distraction | M9: Low | N9: None | O9: No | P9: set up for 1 when 2 required
B10: 44594 | C10: Zone 5 PN | D10: B - Made under Section 10 | E10: Adult Bag | F10: C - Parenteral Nutrition - adult | G10: C - Check in preparation area | H10: E - Assembly of starting materials | I10: E7 - Incorrect quantity/volume of diluent assembled (Assembly) | J10: Op 25 | K10: Op 13 | L10: N - Distraction | M10: Low | N10: None | O10: No | P10: missing 1 x 500ml Glucose 50%
B11: 44594 | C11: Zone 5 PN | D11: B - Made under Section 10 | E11: Paed Bag | F11: D - Parenteral Nutrition - paed | G11: C - Check in preparation area | H11: E - Assembly of starting materials | I11: E7 - Incorrect quantity/volume of diluent assembled (Assembly) | J11: Op 75 | K11: Op 13 | L11: N - Distraction | M11: Low | N11: None | O11: No | P11: no glucose 20% set up
B12: 44594 | C12: Zone 5 PN | D12: B - Made under Section 10 | E12: neo bag | F12: D - Parenteral Nutrition - paed | G12: C - Check in preparation area | H12: E - Assembly of starting materials | I12: E15 - Incorrect batch number for diluent vials recorded (Assembly) | J12: Op 25 | K12: Op 13 | L12: N - Distraction | M12: Low | N12: None | O12: No | P12: wrong BN for WFI recorded
B13: 44595 | C13: Zone 5 PN | D13: B - Made under Section 10 | E13: Adult Bag | F13: C - Parenteral Nutrition - adult | G13: C - Check in preparation area | H13: E - Assembly of starting materials | I13: E13 - Incorrect batch number for drug vials recorded (Assembly) | J13: Op 69 | K13: Op 13 | L13: N - Distraction | M13: Low | N13: None | O13: No | P13: only 1 of 2 BN recorded for aminoven
B14: 44595 | C14: Zone 5 PN | D14: B - Made under Section 10 | E14: Paed Bag | F14: D - Parenteral Nutrition - paed | G14: C - Check in preparation area | H14: E - Assembly of starting materials | I14: E15 - Incorrect batch number for diluent vials recorded (Assembly) | J14: Op 69 | K14: Op 13 | L14: N - Distraction | M14: Low | N14: None | O14: No | P14: only 1 of 2 BN recorded for sodium chloride
B15: 44595 | C15: Zone 5 PN | D15: B - Made under Section 10 | E15: Paed Bag | F15: D - Parenteral Nutrition - paed | G15: C - Check in preparation area | H15: E - Assembly of starting materials | I15: E15 - Incorrect batch number for diluent vials recorded (Assembly) | J15: Op 69 | K15: Op 21 | L15: N - Distraction | M15: Low | N15: None | O15: No | P15: only 1 of 2 BN recorded for sodium chloride 30%
B16: 44595 | C16: Zone 5 PN | D16: B - Made under Section 10 | E16: Paed Bag | F16: D - Parenteral Nutrition - paed | G16: C - Check in preparation area | H16: E - Assembly of starting materials | I16: E13 - Incorrect batch number for drug vials recorded (Assembly) | J16: Op 69 | K16: Op 21 | L16: N - Distraction | M16: Low | N16: None | O16: No | P16: incorrect BN for solivito
B17: 44595 | C17: Zone 5 PN | D17: B - Made under Section 10 | E17: Adult Bag | F17: C - Parenteral Nutrition - adult | G17: C - Check in preparation area | H17: E - Assembly of starting materials | I17: E1 - Incorrect drug assembled (Assembly) | J17: Op 69 | K17: Op 13 | L17: N - Distraction | M17: Low | N17: None | O17: No | P17: sodium acetate set up instead of sodium chloride
... B133: 44614 | C133: Zone 5 PN | D133: B - Made under Section 10 | E133: paed fat | F133: D - Parenteral Nutrition - paed | G133: C - Check in preparation area | H133: E - Assembly of starting materials | I133: E3 - Incorrect quantity of drug vials assembled (Assembly) | J133: Op 23 | K133: Op 27 | L133: N - Distraction | M133: Low | N133: None | O133: No | P133: only 1 set of ingredients set up
B134: 44614 | C134: Zone 5 PN | D134: B - Made under Section 10 | E134: Paed Bag | F134: D - Parenteral Nutrition - paed | G134: C - Check in preparation area | H134: E - Assembly of starting materials | I134: E13 - Incorrect batch number for drug vials recorded (Assembly) | K134: Op 13 | L134: N - Distraction | M134: Low | N134: None | O134: No | P134: only 1 of 2 BN recorded for potassium chloride
B135: 44614 | C135: Zone 5 PN | D135: B - Made under Section 10 | E135: Babiven | F135: D - Parenteral Nutrition - paed | G135: C - Check in preparation area | H135: E - Assembly of starting materials | I135: E3 - Incorrect quantity of drug vials assembled (Assembly) | J135: Op 69 | K135: Op 12 | L135: N - Distraction | M135: Low | N135: None | O135: No | P135: not enough solivito or WFI
B136: 44615 | C136: Zone 5 PN | D136: B - Made under Section 10 | E136: Paed Bag | F136: D - Parenteral Nutrition - paed | G136: C - Check in preparation area | H136: E - Assembly of starting materials | I136: E1 - Incorrect drug assembled (Assembly) | J136: Op 68 | K136: Op 27 | L136: N - Distraction | M136: Low | N136: None | O136: No | P136: WFI set up instead of solivito
B137: 44615 | C137: Zone 5 PN | D137: B - Made under Section 10 | E137: Paed Bag | F137: D - Parenteral Nutrition - paed | G137: C - Check in preparation area | H137: E - Assembly of starting materials | I137: E6 - Incorrect strength of diluent assembled (Assembly) | J137: Op 68 | K137: Op 27 | L137: N - Distraction | M137: Low | N137: None | O137: No | P137: Glucose 50% set up instead of 20%
B138: 44616 | C138: Zone 5 PN | D138: B - Made under Section 10 | E138: Adult Bag | F138: C - Parenteral Nutrition - adult | G138: C - Check in preparation area | H138: E - Assembly of starting materials | I138: E13 - Incorrect batch number for drug vials recorded (Assembly) | J138: Op 69 | K138: Op 12 | L138: N - Distraction | M138: Low | N138: None | O138: No | P138: only 1 of 2 BN recorded for addaven
B139: 44616 | C139: Zone 5 PN | D139: B - Made under Section 10 | E139: Adult Bag | F139: C - Parenteral Nutrition - adult | G139: C - Check in preparation area | H139: E - Assembly of starting materials | I139: E15 - Incorrect batch number for diluent vials recorded (Assembly) | J139: Op 69 | K139: Op 12 | L139: N - Distraction | M139: Low | N139: None | O139: No | P139: incorrect BN for Glucose 10%
B140: 44616 | C140: Zone 5 PN | D140: B - Made under Section 10 | E140: Paed Bag | F140: D - Parenteral Nutrition - paed | G140: C - Check in preparation area | H140: E - Assembly of starting materials | I140: E7 - Incorrect quantity/volume of diluent assembled (Assembly) | J140: Op 68 | K140: Op 12 | L140: N - Distraction | M140: Low | N140: None | O140: No | P140: too much WFI set up
B141: 44616 | C141: Zone 5 PN | D141: B - Made under Section 10 | E141: Paed Bag | F141: D - Parenteral Nutrition - paed | G141: C - Check in preparation area | H141: E - Assembly of starting materials | I141: E3 - Incorrect quantity of drug vials assembled (Assembly) | J141: Op 69 | K141: Op 12 | L141: N - Distraction | M141: Low | N141: None | O141: No | P141: only 1 of 2 BN recorded for aminoven
B142: 44616 | C142: Zone 5 PN | D142: B - Made under Section 10 | E142: Paed Bag | F142: D - Parenteral Nutrition - paed | G142: C - Check in preparation area | H142: E - Assembly of starting materials | I142: E13 - Incorrect batch number for drug vials recorded (Assembly) | J142: Op 69 | K142: Op 12 | L142: N - Distraction | M142: Low | N142: None | P142: only 1 of 2 BN recorded for vitlipid adult
B143: 44616 | C143: Zone 5 PN | D143: B - Made under Section 10 | E143: Adult Bag | F143: C - Parenteral Nutrition - adult | G143: C - Check in preparation area | H143: E - Assembly of starting materials | I143: E13 - Incorrect batch number for drug vials recorded (Assembly) | J143: Op 69 | K143: Op 13 | L143: N - Distraction | M143: Low | N143: None | O143: No | P143: only 1 of 2 BN recorded for aminoven
B144: 44616 | C144: Zone 5 PN | D144: B - Made under Section 10 | E144: neonatal bag | F144: D - Parenteral Nutrition - paed | G144: C - Check in preparation area | H144: E - Assembly of starting materials | I144: E13 - Incorrect batch number for drug vials recorded (Assembly) | J144: Op 112 | K144: Op 12 | L144: N - Distraction | M144: Low | N144: None | O144: No | P144: incorrect BN for sodium glycerphos
B145: 44617 | C145: Zone 5 PN | D145: B - Made under Section 10 | E145: Paed Bag | F145: D - Parenteral Nutrition - paed | G145: C - Check in preparation area | H145: E - Assembly of starting materials | I145: E13 - Incorrect batch number for drug vials recorded (Assembly) | J145: Op 69 | K145: Op 13 | L145: N - Distraction | M145: Low | N145: None | O145: No | P145: only 1 of 2 BN for vitlipid
B146: 44617 | C146: Zone 5 PN | D146: B - Made under Section 10 | E146: Adult Bag | F146: C - Parenteral Nutrition - adult | G146: C - Check in preparation area | H146: E - Assembly of starting materials | I146: E1 - Incorrect drug assembled (Assembly) | J146: Op 68 | K146: Op 13 | L146: N - Distraction | M146: Low | N146: None | O146: No | P146: sodium chloride set up instead of calcium chloride
B147: 44617 | C147: Zone 5 PN | D147: B - Made under Section 10 | E147: Paed Bag | F147: D - Parenteral Nutrition - paed | G147: C - Check in preparation area | H147: E - Assembly of starting materials | I147: E13 - Incorrect batch number for drug vials recorded (Assembly) | J147: Op 87 | K147: Op 12 | L147: N - Distraction | M147: Low | N147: None | O147: No | P147: only 1 of 2 BN for potassium chloride
B148: 44615 | C148: Zone 5 AD | D148: B - Made under Section 10 | E148: desferioxamine | F148: F - Other Aseptic Product | G148: C - Check in preparation area | H148: B - Worksheet preparation error | I148: C13 - Incorrect expiry date/time (Label generation) | J148: Op 22 | K148: Op 13 | L148: N - Distraction | M148: Low | N148: None | O148: No | P148: wrong expiry on worksheet
B149: 44617 | C149: Zone 5 AD | D149: B - Made under Section 10 | E149: Ambisome | F149: F - Other Aseptic Product | G149: C - Check in preparation area | H149: C - Label generation errors | I149: C13 - Incorrect expiry date/time (Label generation) | J149: Op 22 | K149: Op 66 | L149: N - Distraction | M149: Low | N149: None | O149: No | P149: incorrect expiry date
B150: 44616 | C150: Zone 5 Cyt | D150: B - Made under Section 10 | E150: infliximab | F150: B - Cytotoxic paed | G150: C - Check in preparation area | H150: E - Assembly of starting materials | I150: E15 - Incorrect batch number for diluent vials recorded (Assembly) | J150: Op 77 | K150: Op 66 | L150: N - Distraction | M150: Low | N150: None | O150: No | P150: only 1 BN recorded for WFI
B151: 44616 | C151: Zone 5 Cyt | D151: B - Made under Section 10 | E151: infliximab | F151: B - Cytotoxic paed | G151: C - Check in preparation area | H151: E - Assembly of starting materials | I151: E13 - Incorrect batch number for drug vials recorded (Assembly) | J151: Op 77 | K151: Op 66 | L151: N - Distraction | M151: Low | N151: None | O151: No | P151: only 1 BN recorded for infliximab
B152: 44616 | C152: Zone 5 Cyt | D152: B - Made under Section 10 | E152: methotrexate IT | F152: B - Cytotoxic paed | G152: C - Check in preparation area | H152: B - Worksheet preparation error | I152: B1 - Incorrect patient name (Worksheet prep) | J152: Op 30 | K152: Op 66 | L152: N - Distraction | M152: Low | N152: None | O152: No | P152: incorrect hospital number on worksheet/labels
B153: 44617 | C153: Zone 5 Cyt | D153: B - Made under Section 10 | E153: cytarabine | F153: B - Cytotoxic paed | G153: C - Check in preparation area | H153: E - Assembly of starting materials | I153: E2 Incorrect strength assembled (Assembly) | J153: Op 103 | K153: Op 105 | L153: N - Distraction | M153: Low | N153: None | O153: No | P153: incorrect vial size set up
B154: 44617 | C154: Zone 5 Cyt | D154: B - Made under Section 10 | E154: methotrexate IT | F154: B - Cytotoxic paed | G154: C - Check in preparation area | H154: B - Worksheet preparation error | I154: C13 - Incorrect expiry date/time (Label generation) | J154: Op 67 | K154: Op 66 | L154: N - Distraction | M154: Low | N154: None | O154: No | P154: incorrect expiry date on worksheet
... B173: 44620 | C173: NCCC | D173: B - Made under Section 10 | E173: Arsenic | F173: A - Cytotoxic adult | G173: C - Check in preparation area | H173: C - Label generation errors | I173: C13 - Incorrect expiry date/time (Label generation) | J173: Op 2 | K173: Op 120 | L173: N - Distraction | M173: Low | N173: None | O173: No | P173: incorrect expiry time on label

Sheet Mar 22
C2: Error Record
C3: 44621
B5: Date | C5: Production Area | D5: Licensed Status | E5: Product | F5: Product Category | G5: When Was Error Detected | H5: Error Type - PPU | I5: Error Type - NAERS | J5: Who Made Error | K5: Who Detected Error | L5: Contributing Factors | M5: GMP Failure Severity | N5: Potential Outcome | O5: Did This Lead To CAPA/RCA | P5: Comments
B6: 44622 | C6: Zone 5 PN | D6: B - Made under Section 10 | E6: A10 Adult | F6: C - Parenteral Nutrition - adult | G6: C - Check in preparation area | H6: B - Worksheet preparation error | I6: B3 - Incorrect dosage calculation (Worksheet prep) | J6: Op 23 | K6: Op 4 | L6: N - Distraction | M6: Low | N6: None | O6: No | P6: too much magnesium sulphate
B7: 44622 | C7: Zone 5 PN | D7: B - Made under Section 10 | E7: Paed Bag | F7: D - Parenteral Nutrition - paed | G7: C - Check in preparation area | H7: E - Assembly of starting materials | I7: E15 - Incorrect batch number for diluent vials recorded (Assembly) | J7: Op 51 | K7: Op 13 | L7: N - Distraction | M7: Low | N7: None | O7: No | P7: only 1 of 2 BN recorded for Glucose 50%
B8: 44622 | C8: Zone 5 PN | D8: B - Made under Section 10 | E8: fat | F8: D - Parenteral Nutrition - paed | G8: C - Check in preparation area | H8: E - Assembly of starting materials | I8: E3 - Incorrect quantity of drug vials assembled (Assembly) | J8: Op 46 | K8: Op 13 | L8: N - Distraction | M8: Low | N8: None | O8: No | P8: only set up 1 needed 2
B9: 44623 | C9: Zone 5 PN | D9: B - Made under Section 10 | E9: adult bag | F9: C - Parenteral Nutrition - adult | G9: C - Check in preparation area | H9: E - Assembly of starting materials | I9: E15 - Incorrect batch number for diluent vials recorded (Assembly) | J9: Op 69 | K9: Op 21 | L9: N - Distraction | M9: Low | N9: None | O9: No | P9: incorrect BN for Glucose 10%
B10: 44623 | C10: Zone 5 PN | D10: B - Made under Section 10 | E10: adult bag | F10: C - Parenteral Nutrition - adult | G10: C - Check in preparation area | H10: E - Assembly of starting materials | I10: E13 - Incorrect batch number for drug vials recorded (Assembly) | J10: Op 69 | K10: Op 21 | L10: N - Distraction | M10: Low | N10: None | O10: No | P10: missing BN for potassium chloride
B11: 44623 | C11: Zone 5 PN | D11: B - Made under Section 10 | E11: Paed Bag | F11: D - Parenteral Nutrition - paed | G11: C - Check in preparation area | H11: E - Assembly of starting materials | I11: E1 - Incorrect drug assembled (Assembly) | J11: Op 69 | K11: Op 31 | L11: N - Distraction | M11: Low | N11: None | O11: No | P11: sodium chloride set up instead of sodium acetate
B12: 44623 | C12: Zone 5 PN | D12: B - Made under Section 10 | E12: Paed Bag | F12: D - Parenteral Nutrition - paed | G12: C - Check in preparation area | H12: E - Assembly of starting materials | I12: E13 - Incorrect batch number for drug vials recorded (Assembly) | J12: Op 39 | K12: Op 13 | L12: N - Distraction | M12: Low | N12: None | O12: No | P12: only 1 of 2 BN recorded for peditrace
B13: 44624 | C13: Zone 5 PN | D13: B - Made under Section 10 | E13: Paed Bag | F13: D - Parenteral Nutrition - paed | G13: C - Check in preparation area | H13: E - Assembly of starting materials | I13: E3 - Incorrect quantity of drug vials assembled (Assembly) | J13: Op 68 | K13: Op 13 | L13: N - Distraction | M13: Low | N13: None | O13: No | P13: too much vitlipid set up
B14: 44624 | C14: Zone 5 PN | D14: B - Made under Section 10 | E14: Paed Bag | F14: D - Parenteral Nutrition - paed | G14: C - Check in preparation area | H14: E - Assembly of starting materials | I14: E7 - Incorrect quantity/volume of diluent assembled (Assembly) | J14: Op 25 | K14: Op 13 | L14: N - Distraction | M14: Low | N14: None | O14: No | P14: not enough glucose 50% set up
B15: 44624 | C15: Zone 5 PN | D15: B - Made under Section 10 | E15: Paed Bag | F15: D - Parenteral Nutrition - paed | G15: C - Check in preparation area | H15: E - Assembly of starting materials | I15: E3 - Incorrect quantity of drug vials assembled (Assembly) | J15: Op 69 | K15: Op 13 | L15: N - Distraction | M15: Low | N15: None | O15: No | P15: not enough potassium chloride and potassium acetate set up
B16: 44624 | C16: Zone 5 PN | D16: B - Made under Section 10 | E16: Paed Bag | F16: D - Parenteral Nutrition - paed | G16: C - Check in preparation area | H16: E - Assembly of starting materials | I16: E13 - Incorrect batch number for drug vials recorded (Assembly) | J16: Op 69 | K16: Op 18 | L16: N - Distraction | M16: Low | N16: None | O16: No | P16: missing BN for peditrace
B17: 44622 | C17: Zone 5 Cyt | D17: B - Made under Section 10 | E17: etoposide | F17: B - Cytotoxic paed | G17: C - Check in preparation area | H17: E - Assembly of starting materials | I17: E2 Incorrect strength assembled (Assembly) | J17: Op 77 | K17: Op 66 | L17: N - Distraction | M17: Low | N17: None | O17: No | P17: incorrect vial size of etoposide
... B120: 44644 | C120: NCCC | D120: B - Made under Section 10 | E120: paclitaxel | F120: A - Cytotoxic adult | G120: C - Check in preparation area | H120: A - Inaccurate prescription/transcription verification | I120: A1 - Inaccurate prescription/transcription verification (Prescription) | J120: Op 2 | K120: Op 120 | L120: N - Distraction | M120: Low | N120: None | O120: No | P120: incorrect dispensing date on partial prescription
B121: 44634 | C121: Zone 5 Cyt | D121: B - Made under Section 10 | E121: Botox | F121: A - Cytotoxic adult | G121: C - Check in preparation area | H121: C - Label generation errors | I121: C18 - Incorrect quantity of labels (Label generation) | K121: Op 29 | L121: N - Distraction | M121: Low | N121: None | O121: No | P121: incorrect quantity of labels for 2 doses
B122: 44634 | C122: Zone 5 Cyt | D122: B - Made under Section 10 | E122: Doxorubicin LUMI beads | F122: A - Cytotoxic adult | G122: C - Check in preparation area | H122: C - Label generation errors | I122: C13 - Incorrect expiry date/time (Label generation) | J122: Op 67 | K122: Op 29 | L122: N - Distraction | M122: Low | N122: None | O122: No | P122: incorrect expiry date on labels
B123: 44635 | C123: Zone 5 Cyt | D123: B - Made under Section 10 | E123: topical mitomycin | F123: A - Cytotoxic adult | G123: C - Check in preparation area | H123: B - Worksheet preparation error | I123: B10 - Use of incorrect worksheet (Worksheet prep) | J123: Op 29 | K123: Op 12 | L123: N - Distraction | M123: Low | N123: None | O123: No | P123: unlicensed stock syringe worksheet used in error
B124: 44638 | C124: Zone 5 Cyt | D124: B - Made under Section 10 | E124: Methotrexate IT | F124: B - Cytotoxic paed | G124: C - Check in preparation area | H124: C - Label generation errors | I124: C1 - Incorrect patient details (Label generation) | J124: Op 116 | K124: Op 4 | L124: N - Distraction | M124: Low | N124: None | O124: No | P124: incorrect hospital number
B125: 44649 | C125: Zone 3 | D125: A - Made under MS License | E125: Isoniazid elixir | F125: F - Other Aseptic Product | G125: C - Check in preparation area | H125: B - Worksheet preparation error | I125: C13 - Incorrect expiry date/time (Label generation) | J125: Op 79 | K125: Op 27 | L125: N - Distraction | M125: Low | N125: None | O125: No | P125: incorrect expiry allocated
B126: 44648 | C126: Zone 5 PN | D126: B - Made under Section 10 | E126: adult bag | F126: C - Parenteral Nutrition - adult | G126: C - Check in preparation area | H126: E - Assembly of starting materials | I126: E7 - Incorrect quantity/volume of diluent assembled (Assembly) | J126: Op 46 | K126: Op 27 | L126: N - Distraction | M126: Low | N126: None | O126: No | P126: not enough glucose 50% set up
B127: 44650 | C127: Zone 5 PN | D127: B - Made under Section 10 | E127: adult bag | F127: C - Parenteral Nutrition - adult | G127: C - Check in preparation area | H127: E - Assembly of starting materials | I127: E3 - Incorrect quantity of drug vials assembled (Assembly) | J127: Op 39 | K127: Op 27 | L127: N - Distraction | M127: Low | N127: None | O127: No | P127: not enough potassium acetate set up
B128: 44650 | C128: Zone 5 PN | D128: B - Made under Section 10 | E128: adult bag | F128: C - Parenteral Nutrition - adult | G128: C - Check in preparation area | H128: E - Assembly of starting materials | I128: E15 - Incorrect batch number for diluent vials recorded (Assembly) | J128: Op 39 | K128: Op 27 | L128: N - Distraction | M128: Low | N128: None | O128: No | P128: 1 of 2 BN for G40% not recorded
B129: 44650 | C129: Zone 5 PN | D129: B - Made under Section 10 | E129: adult bag | F129: C - Parenteral Nutrition - adult | G129: C - Check in preparation area | H129: E - Assembly of starting materials | I129: E2 Incorrect strength assembled (Assembly) | J129: Op 68 | K129: Op 27 | L129: N - Distraction | M129: Low | N129: None | O129: No | P129: vitlipid infant set up instead of adult
B130: 44650 | C130: Zone 5 PN | D130: B - Made under Section 10 | E130: Paed Bag | F130: D - Parenteral Nutrition - paed | G130: C - Check in preparation area | H130: E - Assembly of starting materials | I130: E15 - Incorrect batch number for diluent vials recorded (Assembly) | J130: Op 103 | K130: Op 27 | L130: N - Distraction | M130: Low | N130: None | O130: No | P130: only 1 of 2 BN for WFI recorded
B131: 44651 | C131: Zone 5 PN | D131: B - Made under Section 10 | E131: Paed Bag | F131: D - Parenteral Nutrition - paed | G131: C - Check in preparation area | H131: E - Assembly of starting materials | I131: E15 - Incorrect batch number for diluent vials recorded (Assembly) | J131: Op 76 | K131: Op 18 | L131: N - Distraction | M131: Low | N131: None | O131: No | P131: only 1 of 2 BN for WFI recorded
B132: 44651 | C132: Zone 5 PN | D132: B - Made under Section 10 | E132: Paed Bag | F132: D - Parenteral Nutrition - paed | G132: C - Check in preparation area | H132: E - Assembly of starting materials | I132: E3 - Incorrect quantity of drug vials assembled (Assembly) | J132: Op 21 | K132: Op 13 | L132: N - Distraction | M132: Low | N132: None | O132: No | P132: too much sodium glycerphosphate set up
B133: 44649 | C133: Zone 5 AD | D133: B - Made under Section 10 | E133: Tazocin allergy | F133: F - Other Aseptic Product | G133: C - Check in preparation area | H133: C - Label generation errors | I133: C4 - Incorrect drug strength (Label generation) | J133: Op 12 | K133: Op 27 | L133: N - Distraction | M133: Low | N133: None | O133: No | P133: incorrect strength of tazocin on label
... B143: 44651 | C143: NCCC | D143: B - Made under Section 10 | E143: etoposide | F143: A - Cytotoxic adult | G143: C - Check in preparation area | H143: C - Label generation errors | I143: C13 - Incorrect expiry date/time (Label generation) | J143: Op 2 | K143: Op 120 | L143: N - Distraction | M143: Low | N143: None | O143: No | P143: incorrect expiry time on label

Sheet Apr 22
C2: Error Record
C3: 44652
B5: Date | C5: Production Area | D5: Licensed Status | E5: Product | F5: Product Category | G5: When Was Error Detected | H5: Error Type - PPU | I5: Error Type - NAERS | J5: Who Made Error | K5: Who Detected Error | L5: Contributing Factors | M5: GMP Failure Severity | N5: Potential Outcome | O5: Did This Lead To CAPA/RCA | P5: Comments
B6: 44652 | C6: Zone 5 PN | D6: B - Made under Section 10 | E6: Adult Bag | F6: C - Parenteral Nutrition - adult | G6: C - Check in preparation area | H6: E - Assembly of starting materials | I6: E1 - Incorrect drug assembled (Assembly) | J6: Op 42 | K6: Op 13 | L6: N - Distraction | M6: Low | N6: None | O6: No | P6: Potassium acetate set up instead of sodium acetate
B7: 44652 | C7: Zone 5 PN | D7: B - Made under Section 10 | E7: Paed Bag | F7: D - Parenteral Nutrition - paed | G7: C - Check in preparation area | H7: E - Assembly of starting materials | I7: E15 - Incorrect batch number for diluent vials recorded (Assembly) | J7: Op 68 | K7: Op 13 | L7: N - Distraction | M7: Low | N7: None | O7: No | P7: only 1 of 2 BN recorded for water
B8: 44652 | C8: Zone 5 PN | D8: B - Made under Section 10 | E8: Paed Bag | F8: D - Parenteral Nutrition - paed | G8: C - Check in preparation area | H8: E - Assembly of starting materials | I8: E3 - Incorrect quantity of drug vials assembled (Assembly) | J8: Op 68 | K8: Op 13 | L8: N - Distraction | M8: Low | N8: None | O8: No | P8: extra peditrace set up
B9: 44652 | C9: Zone 5 PN | D9: B - Made under Section 10 | E9: Paed Bag | F9: D - Parenteral Nutrition - paed | G9: C - Check in preparation area | H9: E - Assembly of starting materials | I9: E3 - Incorrect quantity of drug vials assembled (Assembly) | J9: Op 68 | K9: Op 13 | L9: N - Distraction | M9: Low | N9: None | O9: No | P9: too many vitlipid set up
B10: 44652 | C10: Zone 5 AD | D10: B - Made under Section 10 | E10: Ambisome | F10: F - Other Aseptic Product | G10: C - Check in preparation area | H10: C - Label generation errors | I10: C13 - Incorrect expiry date/time (Label generation) | J10: Op 22 | K10: Op 13 | L10: n - Distraction | M10: Low | N10: None | O10: No | P10: wrong expiry date on ambisome labels
B11: 44652 | C11: Zone 5 Cyt | D11: B - Made under Section 10 | E11: Idarubicin | F11: B - Cytotoxic paed | G11: C - Check in preparation area | H11: E - Assembly of starting materials | I11: E17 - Expired drug used (Assembly) | J11: Op 75 | K11: Op 136 | L11: N - Distraction | M11: Low | N11: None | O11: No | P11: expired vial set up
B12: 44655 | C12: Zone 5 PN | D12: B - Made under Section 10 | E12: Paed Bag | F12: D - Parenteral Nutrition - paed | G12: C - Check in preparation area | H12: E - Assembly of starting materials | I12: E3 - Incorrect quantity of drug vials assembled (Assembly) | J12: Op 68 | K12: Op 27 | L12: N - Distraction | M12: Low | N12: None | O12: No | P12: too much SMOF set up
B13: 44655 | C13: Zone 5 PN | D13: B - Made under Section 10 | E13: fats | F13: D - Parenteral Nutrition - paed | G13: C - Check in preparation area | H13: E - Assembly of starting materials | I13: E3 - Incorrect quantity of drug vials assembled (Assembly) | J13: Op 69 | K13: Op 12 | L13: N - Distraction | M13: Low | N13: None | O13: No | P13: too much Vitlipid Infant
B14: 44655 | C14: Zone 5 PN | D14: B - Made under Section 10 | E14: Paed Bag | F14: D - Parenteral Nutrition - paed | G14: C - Check in preparation area | H14: E - Assembly of starting materials | I14: E3 - Incorrect quantity of drug vials assembled (Assembly) | J14: Op 68 | K14: Op 12 | L14: N - Distraction | M14: Low | N14: None | O14: No | P14: not enough vaminolact
B15: 44655 | C15: Zone 5 PN | D15: B - Made under Section 10 | E15: Paed Bag | F15: D - Parenteral Nutrition - paed | G15: C - Check in preparation area | H15: E - Assembly of starting materials | I15: E13 - Incorrect batch number for drug vials recorded (Assembly) | K15: Op 12 | L15: N - Distraction | M15: Low | N15: None | O15: No | P15: incorrect BN on SMOFlipid
B16: 44655 | C16: Zone 5 PN | D16: B - Made under Section 10 | E16: Paed Bag | F16: D - Parenteral Nutrition - paed | G16: C - Check in preparation area | H16: E - Assembly of starting materials | I16: E1 - Incorrect drug assembled (Assembly) | J16: Op 25 | K16: Op 27 | L16: N - Distraction | M16: Low | N16: None | O16: No | P16: vamin 18EF set up instead of vaminolact
B17: 44656 | C17: Zone 5 PN | D17: B - Made under Section 10 | E17: Paed Bag | F17: D - Parenteral Nutrition - paed | G17: C - Check in preparation area | H17: E - Assembly of starting materials | I17: E3 - Incorrect quantity of drug vials assembled (Assembly) | J17: Op 21 | K17: Op 12 | L17: N - Distraction | M17: Low | N17: None | O17: No | P17: not enough solivito and wfi
B18: 44656 | C18: Zone 5 PN | D18: B - Made under Section 10 | E18: Adult Bag | F18: C - Parenteral Nutrition - adult | G18: C - Check in preparation area | H18: E - Assembly of starting materials | I18: E13 - Incorrect batch number for drug vials recorded (Assembly) | J18: Op 25 | K18: Op 12 | L18: N - Distraction | M18: Low | N18: None | O18: No | P18: only 1 of 2 Bn recorded for cernevit
B19: 44656 | C19: Zone 5 PN | D19: B - Made under Section 10 | E19: Adult Bag | F19: C - Parenteral Nutrition - adult | G19: C - Check in preparation area | H19: E - Assembly of starting materials | I19: E13 - Incorrect batch number for drug vials recorded (Assembly) | J19: Op 69 | K19: Op 12 | L19: N - Distraction | M19: Low | N19: None | O19: No | P19: only 1 of 2 Bn recorded for cernevit
B20: 44656 | C20: Zone 5 PN | D20: B - Made under Section 10 | E20: babiven | F20: D - Parenteral Nutrition - paed | G20: C - Check in preparation area | H20: E - Assembly of starting materials | I20: E15 - Incorrect batch number for diluent vials recorded (Assembly) | J20: Op 25 | K20: Op 12 | L20: N - Distraction | M20: Low | N20: None | O20: No | P20: incorrect BN of WFI recorded
B21: 44657 | C21: Zone 5 PN | D21: B - Made under Section 10 | E21: Paed Bag | F21: D - Parenteral Nutrition - paed | G21: C - Check in preparation area | H21: E - Assembly of starting materials | I21: E15 - Incorrect batch number for diluent vials recorded (Assembly) | J21: Op 51 | K21: Op 66 | L21: N - Distraction | M21: Low | N21: None | O21: No | P21: only 1 BN of 2 recorded for Glucose 70%
B22: 44657 | C22: Zone 5 PN | D22: B - Made under Section 10 | E22: Paed Bag | F22: D - Parenteral Nutrition - paed | G22: C - Check in preparation area | H22: E - Assembly of starting materials | I22: E3 - Incorrect quantity of drug vials assembled (Assembly) | J22: Op 51 | K22: Op 66 | L22: N - Distraction | M22: Low | N22: None | O22: No | P22: not enough potassium chloride set up
B23: 44657 | C23: Zone 5 PN | D23: B - Made under Section 10 | E23: Paed Bag | F23: D - Parenteral Nutrition - paed | G23: C - Check in preparation area | H23: E - Assembly of starting materials | I23: E3 - Incorrect quantity of drug vials assembled (Assembly) | J23: Op 51 | K23: Op 66 | L23: N - Distraction | M23: Low | N23: None | O23: No | P23: not enough magnesium set up
B24: 44657 | C24: Zone 5 PN | D24: B - Made under Section 10 | E24: paed fat | F24: D - Parenteral Nutrition - paed | G24: C - Check in preparation area | H24: E - Assembly of starting materials | I24: E3 - Incorrect quantity of drug vials assembled (Assembly) | J24: Op 84 | K24: Op 13 | L24: N - Distraction | M24: Low | N24: None | O24: No | P24: not enough vitlipid set up
B25: 44659 | C25: Zone 5 PN | D25: B - Made under Section 10 | E25: Paed Bag | F25: D - Parenteral Nutrition - paed | G25: C - Check in preparation area | H25: E - Assembly of starting materials | I25: E3 - Incorrect quantity of drug vials assembled (Assembly) | J25: Op 68 | K25: Op 13 | L25: N - Distraction | M25: Low | N25: None | O25: No | P25: Not enough smof set up
B26: 44659 | C26: Zone 5 PN | D26: B - Made under Section 10 | E26: Paed Bag | F26: D - Parenteral Nutrition - paed | G26: C - Check in preparation area | H26: E - Assembly of starting materials | I26: E15 - Incorrect batch number for diluent vials recorded (Assembly) | J26: Op 69 | K26: Op 13 | L26: N - Distraction | M26: Low | N26: None | O26: No | P26: only 1 of 2 BN recorded for Glucose 50%
B27: 44659 | C27: Zone 5 PN | D27: B - Made under Section 10 | E27: Paed Bag | F27: D - Parenteral Nutrition - paed | G27: C - Check in preparation area | H27: E - Assembly of starting materials | I27: E1 - Incorrect drug assembled (Assembly) | J27: Op 69 | K27: Op 13 | L27: N - Distraction | M27: Low | N27: None | O27: No | P27: smof set up instead of vaminolact
... B91: 44678 | C91: NCCC | D91: B - Made under Section 10 | E91: oxaliplatin | F91: A - Cytotoxic adult | G91: C - Check in preparation area | H91: E - Assembly of starting materials | I91: E1 - Incorrect drug assembled (Assembly) | J91: Op 84 | K91: Op 11 | L91: N - Distraction | M91: Low | N91: None | O91: No | P91: irinotecan vials set up instead of oxaliplatin
B92: 44678 | C92: NCCC | D92: D - Clinical Trial | E92: BT5528 | F92: A - Cytotoxic adult | G92: C - Check in preparation area | H92: C - Label generation errors | I92: C9 - Incorrect batch number for product (Label generation) | K92: Op 23 | L92: N - Distraction | M92: Low | N92: None | O92: No | P92: incorrect BN
B93: 44679 | C93: NCCC | D93: B - Made under Section 10 | E93: fluorouracil | F93: A - Cytotoxic adult | G93: C - Check in preparation area | H93: C - Label generation errors | I93: C1 - Incorrect patient details (Label generation) | J93: Op 2 | K93: Op 61 | L93: N - Distraction | M93: Low | N93: None | O93: No | P93: patient name spelled incorrectly
B94: 44680 | C94: NCCC | D94: B - Made under Section 10 | E94: etoposide | F94: A - Cytotoxic adult | G94: C - Check in preparation area | H94: B - Worksheet preparation error | I94: C13 - Incorrect expiry date/time (Label generation) | J94: Op 118 | K94: Op 120 | L94: N - Distraction | M94: Low | N94: None | O94: No | P94: incorrect expiry time
B95: 44680 | C95: NCCC | D95: B - Made under Section 10 | E95: cisplatin/etoposide | F95: A - Cytotoxic adult | G95: C - Check in preparation area | H95: B - Worksheet preparation error | I95: B10 - Use of incorrect worksheet (Worksheet prep) | J95: Op 118 | K95: Op 120 | L95: N - Distraction | M95: Low | N95: None | O95: No | P95: 2nd pages of worksheet mixed up and stapled to wrong frontsheets
B96: 44680 | C96: NCCC | D96: B - Made under Section 10 | E96: busulfan | F96: A - Cytotoxic adult | G96: C - Check in preparation area | H96: C - Label generation errors | I96: C5 - Incorrect diluent volume (Label generation) | J96: Op 118 | K96: Op 9 | L96: N - Distraction | M96: Low | N96: None | O96: No | P96: wrong volume of sodium chloride
B97: 44678 | C97: NCCC | D97: B - Made under Section 10 | E97: nivolumab | F97: A - Cytotoxic adult | G97: C - Check in preparation area | H97: E - Assembly of starting materials | I97: E13 - Incorrect batch number for drug vials recorded (Assembly) | J97: Op 80 | K97: Op 120 | L97: N - Distraction | M97: Low | N97: None | O97: No | P97: not all batch numbers recorded
B98: 44663 | C98: Zone 5 AD | D98: B - Made under Section 10 | E98: povidone allergy | F98: F - Other Aseptic Product | G98: C - Check in preparation area | H98: B - Worksheet preparation error | I98: B5 - Incorrect volume of diluent (Worksheet prep) | J98: Op 22 | K98: Op 12 | L98: N - Distraction | M98: Low | N98: None | O98: No | P98: too much water transcribed
B99: 44663 | C99: Zone 5 AD | D99: B - Made under Section 10 | E99: dexamethasone allergy | F99: F - Other Aseptic Product | G99: C - Check in preparation area | H99: E - Assembly of starting materials | I99: E18 - Expired diluent used (Assembly) | J99: Op 14 | K99: Op 12 | L99: N - Distraction | M99: Low | N99: None | O99: No | P99: sodium chloride 50ml expired
B100: 44676 | C100: Zone 5 AD | D100: D - Clinical Trial | E100: trial | F100: F - Other Aseptic Product | G100: C - Check in preparation area | H100: E - Assembly of starting materials | I100: E13 - Incorrect batch number for drug vials recorded (Assembly) | J100: Op 76 | K100: Op 29 | L100: N - Distraction | M100: Low | N100: None | O100: No | P100: missing 1 of 2 BN for trial drug
B101: 44677 | C101: Zone 5 AD | D101: B - Made under Section 10 | E101: allergy | F101: F - Other Aseptic Product | G101: C - Check in preparation area | H101: C - Label generation errors | I101: C1 - Incorrect patient details (Label generation) | J101: Op 22 | K101: Op 45 | L101: N - Distraction | M101: Low | N101: None | O101: No | P101: incorrect spelling of name on label
B102: 44677 | C102: Zone 5 AD | D102: B - Made under Section 10 | E102: allergy | F102: F - Other Aseptic Product | G102: C - Check in preparation area | H102: E - Assembly of starting materials | I102: E5 - Incorrect diluent assembled (Assembly) | J102: Op 76 | K102: Op 4 | L102: N - Distraction | M102: Low | N102: None | O102: No | P102: 10ml WFI instead of sodium chloride 0.9%
B103: 44677 | C103: Zone 5 AD | D103: B - Made under Section 10 | E103: allergy CVL | F103: F - Other Aseptic Product | G103: C - Check in preparation area | H103: E - Assembly of starting materials | I103: E14 - Incorrect expiry date for drug vials recorded (Assembly) | J103: Op 76 | K103: Op 120 | L103: N - Distraction | M103: Low | N103: None | O103: No | P103: incorrect expiry date of vial recorded
B104: 44679 | C104: Zone 5 AD | D104: B - Made under Section 10 | E104: allergy | F104: F - Other Aseptic Product | G104: C - Check in preparation area | H104: C - Label generation errors | I104: C1 - Incorrect patient details (Label generation) | J104: Op 22 | K104: Op 13 | L104: N - Distraction | M104: Low | N104: None | O104: No | P104: wrong patient name on labels
... B110: 44664 | C110: Zone 5 PN | D110: B - Made under Section 10 | E110: Paed Bag | F110: D - Parenteral Nutrition - paed | G110: C - Check in preparation area | H110: E - Assembly of starting materials | I110: E1 - Incorrect drug assembled (Assembly) | J110: Op 51 | K110: Op 13 | L110: n - Distraction | M110: Low | N110: None | O110: No | P110: sodium acetate set up instead of magnesium

Sheet May 22
C2: Error Record
C3: 44682
B5: Date | C5: Production Area | D5: Licensed Status | E5: Product | F5: Product Category | G5: When Was Error Detected | H5: Error Type - PPU | I5: Error Type - NAERS | J5: Who Made Error | K5: Who Detected Error | L5: Contributing Factors | M5: GMP Failure Severity | N5: Potential Outcome | O5: Did This Lead To CAPA/RCA | P5: Comments
B6: 44685 | C6: Zone 5 PN | D6: B - Made under Section 10 | E6: Paed Bag | F6: D - Parenteral Nutrition - paed | G6: C - Check in preparation area | H6: E - Assembly of starting materials | I6: E7 - Incorrect quantity/volume of diluent assembled (Assembly) | J6: Op 46 | K6: Op 12 | L6: N - Distraction | M6: Low | N6: None | O6: No | P6: No water with nutratain
B7: 44686 | C7: Zone 5 PN | D7: B - Made under Section 10 | E7: Adult Bag | F7: C - Parenteral Nutrition - adult | G7: C - Check in preparation area | H7: E - Assembly of starting materials | I7: E7 - Incorrect quantity/volume of diluent assembled (Assembly) | J7: Op 46 | K7: Op 21 | L7: N - Distraction | M7: Low | N7: None | O7: No | P7: not enough glucose 20%
B8: 44686 | C8: Zone 5 PN | D8: B - Made under Section 10 | E8: Paed Bag | F8: D - Parenteral Nutrition - paed | G8: C - Check in preparation area | H8: E - Assembly of starting materials | I8: E3 - Incorrect quantity of drug vials assembled (Assembly) | J8: Op 68 | K8: Op 13 | L8: N - Distraction | M8: Low | N8: None | O8: No | P8: not enough SMOF set up
B9: 44686 | C9: Zone 5 PN | D9: B - Made under Section 10 | E9: Paed Bag | F9: D - Parenteral Nutrition - paed | G9: C - Check in preparation area | H9: E - Assembly of starting materials | I9: E13 - Incorrect batch number for drug vials recorded (Assembly) | J9: Op 69 | K9: Op 13 | L9: N - Distraction | M9: Low | N9: None | O9: No | P9: only 1 of 2 BN for Vaminolact recorded
B10: 44686 | C10: Zone 5 PN | D10: B - Made under Section 10 | E10: Fat Bottle | F10: D - Parenteral Nutrition - paed | G10: C - Check in preparation area | H10: E - Assembly of starting materials | I10: E3 - Incorrect quantity of drug vials assembled (Assembly) | J10: Op 69 | K10: Op 9 | L10: N - Distraction | M10: Low | N10: None | O10: No | P10: missing one ampoule
B11: 44686 | C11: Zone 5 PN | D11: B - Made under Section 10 | E11: Fat Bottle | F11: D - Parenteral Nutrition - paed | G11: C - Check in preparation area | H11: E - Assembly of starting materials | I11: E3 - Incorrect quantity of drug vials assembled (Assembly) | J11: Op 69 | K11: Op 9 | L11: N - Distraction | M11: Low | N11: None | O11: No | P11: missing ampoules
B12: 44687 | C12: Zone 5 PN | D12: B - Made under Section 10 | E12: Paed Bag | F12: D - Parenteral Nutrition - paed | G12: C - Check in preparation area | H12: E - Assembly of starting materials | I12: E7 - Incorrect quantity/volume of diluent assembled (Assembly) | J12: Op 69 | K12: Op 13 | L12: N - Distraction | M12: Low | N12: None | O12: No | P12: missing 1 x 50ml glucose 50%
B13: 44687 | C13: Zone 5 PN | D13: B - Made under Section 10 | E13: Paed Bag | F13: D - Parenteral Nutrition - paed | G13: C - Check in preparation area | H13: E - Assembly of starting materials | I13: E13 - Incorrect batch number for drug vials recorded (Assembly) | J13: Op 69 | K13: Op 13 | L13: N - Distraction | M13: Low | N13: None | O13: No | P13: only 1 of 2 BN for Calcium recorded
B14: 44684 | C14: Zone 6 | D14: A - Made under MS License | E14: Voriconazole | F14: F - Other Aseptic Product | G14: C - Check in preparation area | H14: C - Label generation errors | I14: C13 - Incorrect expiry date/time (Label generation) | J14: Op 117 | K14: Op 13 | L14: N - Distraction | M14: Low | N14: None | O14: No | P14: wrong expiry date on labels
B15: 44684 | C15: Zone 6 | D15: A - Made under MS License | E15: Meropenem | F15: F - Other Aseptic Product | G15: C - Check in preparation area | H15: C - Label generation errors | I15: C13 - Incorrect expiry date/time (Label generation) | J15: Op 117 | K15: Op 13 | L15: N - Distraction | M15: Low | N15: None | O15: No | P15: wrong expiry date on labels
B16: 44686 | C16: Zone 6 | D16: A - Made under MS License | E16: colistimethate | F16: F - Other Aseptic Product | G16: C - Check in preparation area | H16: B - Worksheet preparation error | I16: C13 - Incorrect expiry date/time (Label generation) | J16: Op 117 | K16: Op 18 | L16: N - Distraction | M16: Low | N16: None | O16: No | P16: incorrect expiry date
B17: 44686 | C17: Zone 6 | D17: A - Made under MS License | E17: Meropenem | F17: F - Other Aseptic Product | G17: C - Check in preparation area | H17: C - Label generation errors | I17: C11 - Incorrect directions for administration (Label generation) | J17: Op 117 | K17: Op 18 | L17: N - Distraction | M17: Low | N17: None | O17: No | P17: incorrect directions
... B101: 44712 | C101: NCCC | D101: B - Made under Section 10 | E101: Bevacizumab | F101: A - Cytotoxic adult | G101: C - Check in preparation area | H101: E - Assembly of starting materials | I101: E13 - Incorrect batch number for drug vials recorded (Assembly) | J101: Op 35 | K101: Op 120 | L101: N - Distraction | M101: Low | N101: None | O101: No | P101: not all batch numbers recorded

Sheet Jun 22
C2: Error Record
C3: 44713
B5: Date | C5: Production Area | D5: Licensed Status | E5: Product | F5: Product Category | G5: When Was Error Detected | H5: Error Type - PPU | I5: Error Type - NAERS | J5: Who Made Error | K5: Who Detected Error | L5: Contributing Factors | M5: GMP Failure Severity | N5: Potential Outcome | O5: Did This Lead To CAPA/RCA | P5: Comments
B6: 44713 | C6: Zone 5 PN | D6: B - Made under Section 10 | E6: Adult Bag | F6: C - Parenteral Nutrition - adult | G6: C - Check in preparation area | H6: E - Assembly of starting materials | I6: E1 - Incorrect drug assembled (Assembly) | J6: Op 34 | K6: Op 13 | L6: N - Distraction | M6: Low | N6: None | O6: No | P6: potassium chloride set up instead of sodium acetate
B7: 44713 | C7: Zone 5 PN | D7: B - Made under Section 10 | E7: Adult Bag | F7: C - Parenteral Nutrition - adult | G7: C - Check in preparation area | H7: E - Assembly of starting materials | I7: E3 - Incorrect quantity of drug vials assembled (Assembly) | J7: Op 52 | K7: Op 13 | L7: N - Distraction | M7: Low | N7: None | O7: No | P7: extra vitlipid adult set up
B8: 44713 | C8: Zone 5 PN | D8: B - Made under Section 10 | E8: Adult Bag | F8: C - Parenteral Nutrition - adult | G8: C - Check in preparation area | H8: E - Assembly of starting materials | I8: E7 - Incorrect quantity/volume of diluent assembled (Assembly) | J8: Op 52 | K8: Op 13 | L8: N - Distraction | M8: Low | N8: None | O8: No | P8: not enough glucose 50% set up
B9: 44713 | C9: Zone 5 PN | D9: B - Made under Section 10 | E9: Adult Bag | F9: C - Parenteral Nutrition - adult | G9: C - Check in preparation area | H9: E - Assembly of starting materials | I9: E13 - Incorrect batch number for drug vials recorded (Assembly) | J9: Op 52 | K9: Op 13 | L9: N - Distraction | M9: Low | N9: None | O9: No | P9: only 1 of 2 BN recorded for adaven
B10: 44713 | C10: Zone 5 PN | D10: B - Made under Section 10 | E10: Adult Bag | F10: C - Parenteral Nutrition - adult | G10: C - Check in preparation area | H10: E - Assembly of starting materials | I10: E1 - Incorrect drug assembled (Assembly) | J10: Op 52 | K10: Op 13 | L10: N - Distraction | M10: Low | N10: None | O10: No | P10: potassium acetate set up instead of sodium glycerphosphate
B11: 44713 | C11: Zone 5 PN | D11: B - Made under Section 10 | E11: Paed Bag | F11: D - Parenteral Nutrition - paed | G11: C - Check in preparation area | H11: E - Assembly of starting materials | I11: E1 - Incorrect drug assembled (Assembly) | J11: Op 69 | K11: Op 13 | L11: N - Distraction | M11: Low | N11: None | O11: No | P11: potassium acetate set up instead of sodium glycerphosphate
B12: 44713 | C12: Zone 5 AD | D12: B - Made under Section 10 | E12: desferrioxamine dosifusor | F12: F - Other Aseptic Product | G12: C - Check in preparation area | H12: B - Worksheet preparation error | I12: B3 - Incorrect dosage calculation (Worksheet prep) | J12: Op 22 | K12: Op 27 | L12: N - Distraction | M12: Low | N12: None | O12: No | P12: incorrect number of vials calculated
B13: 44713 | C13: Zone 5 AD | D13: B - Made under Section 10 | E13: cerliponase | F13: F - Other Aseptic Product | G13: C - Check in preparation area | H13: C - Label generation errors | I13: C13 - Incorrect expiry date/time (Label generation) | J13: Op 22 | K13: Op 27 | L13: N - Distraction | M13: Low | N13: None | O13: No | P13: incorrect expiry date on label
B14: 44720 | C14: Zone 5 Cyt | D14: B - Made under Section 10 | E14: Cytarabine IT | F14: B - Cytotoxic paed | G14: C - Check in preparation area | H14: E - Assembly of starting materials | I14: E1 - Incorrect drug assembled (Assembly) | J14: Op 39 | K14: Op 9 | L14: N - Distraction | M14: Low | N14: None | O14: No | P14: methotrexate set up instead of cytarabine
B15: 44720 | C15: Zone 5 Cyt | D15: B - Made under Section 10 | E15: Cytarabine IT | F15: B - Cytotoxic paed | G15: C - Check in preparation area | H15: B - Worksheet preparation error | I15: C13 - Incorrect expiry date/time (Label generation) | J15: Op 39 | K15: Op 9 | L15: N - Distraction | M15: Low | N15: None | O15: No | P15: wrong expiry date
B16: 44721 | C16: Zone 5 Cyt | D16: B - Made under Section 10 | E16: carboplatin | F16: B - Cytotoxic paed | G16: C - Check in preparation area | H16: A - Inaccurate prescription/transcription verification | I16: A1 - Inaccurate prescription/transcription verification (Prescription) | J16: Op 67 | K16: Op 83 | L16: N - Distraction | M16: Low | N16: None | O16: No | P16: no clinical check on prescription
B17: 44721 | C17: Zone 5 Cyt | D17: B - Made under Section 10 | E17: Infliximab | F17: B - Cytotoxic paed | G17: C - Check in preparation area | H17: B - Worksheet preparation error | I17: B3 - Incorrect dosage calculation (Worksheet prep) | J17: Op 67 | K17: Op 83 | L17: N - Distraction | M17: Low | N17: None | O17: No | P17: wrong dose on worksheet
... B97: 44736 | C97: Zone 5 PN | D97: B - Made under Section 10 | E97: Paed Bag | F97: D - Parenteral Nutrition - paed | G97: C - Check in preparation area | H97: E - Assembly of starting materials | I97: E15 - Incorrect batch number for diluent vials recorded (Assembly) | J97: Op 69 | K97: Op 61 | L97: N - Distraction | M97: Low | N97: None | O97: No | P97: missing BN for WFI 100ml
B98: 24/06/221 | C98: Zone 5 PN | D98: B - Made under Section 10 | E98: Paed Bag | F98: D - Parenteral Nutrition - paed | G98: C - Check in preparation area | H98: E - Assembly of starting materials | I98: E13 - Incorrect batch number for drug vials recorded (Assembly) | J98: Op 69 | K98: Op 61 | L98: N - Distraction | M98: Low | N98: None | O98: No | P98: missing BN for vitlipid adult
B99: 44736 | C99: Zone 5 PN | D99: B - Made under Section 10 | E99: Paed Bag | F99: D - Parenteral Nutrition - paed | G99: C - Check in preparation area | H99: E - Assembly of starting materials | I99: E15 - Incorrect batch number for diluent vials recorded (Assembly) | J99: Op 69 | K99: Op 61 | L99: N - Distraction | M99: Low | N99: None | O99: No | P99: missing BN for WFI
B100: 44735 | C100: Zone 6 | D100: A - Made under MS License | E100: Meropenem | F100: F - Other Aseptic Product | G100: C - Check in preparation area | H100: E - Assembly of starting materials | I100: E9 - Incorrect volume syringes provided (Assembly) | J100: Op 86 | K100: Op 18 | L100: N - Distraction | M100: Low | N100: None | O100: No | P100: incorrect dosifusor size selected
B101: 44732 | C101: NCCC | D101: B - Made under Section 10 | E101: Etoposide | F101: A - Cytotoxic adult | G101: C - Check in preparation area | H101: C - Label generation errors | I101: C13 - Incorrect expiry date/time (Label generation) | J101: Op 2 | K101: Op 9 | L101: N - Distraction | M101: Low | N101: None | O101: No | P101: wrong expiry time
B102: 44734 | C102: NCCC | D102: D - Clinical Trial | E102: Trial | F102: A - Cytotoxic adult | G102: C - Check in preparation area | H102: C - Label generation errors | I102: C18 - Incorrect quantity of labels (Label generation) | J102: Op 118 | K102: Op 11 | L102: N - Distraction | M102: Low | N102: None | O102: No | P102: insufficient labels produced
B103: 44734 | C103: NCCC | D103: B - Made under Section 10 | E103: Pemetrexed | F103: A - Cytotoxic adult | G103: C - Check in preparation area | H103: E - Assembly of starting materials | I103: E3 - Incorrect quantity of drug vials assembled (Assembly) | J103: Op 75 | K103: Op 11 | L103: N - Distraction | M103: Low | N103: None | O103: No | P103: insufficient vials set up
B104: 44734 | C104: NCCC | D104: B - Made under Section 10 | E104: Etoposide | F104: A - Cytotoxic adult | G104: C - Check in preparation area | H104: B - Worksheet preparation error | I104: C13 - Incorrect expiry date/time (Label generation) | J104: Op 2 | K104: Op 11 | L104: N - Distraction | M104: Low | N104: None | O104: No | P104: incorrect time on worksheet and labels
B105: 44735 | C105: NCCC | D105: B - Made under Section 10 | E105: Bleomycin | F105: A - Cytotoxic adult | G105: C - Check in preparation area | H105: E - Assembly of starting materials | I105: E13 - Incorrect batch number for drug vials recorded (Assembly) | J105: Op 51 | K105: Op 9 | L105: N - Distraction | M105: Low | N105: None | O105: No | P105: incorrect batch number
B106: 44735 | C106: NCCC | D106: B - Made under Section 10 | E106: Docetaxel | F106: A - Cytotoxic adult | G106: C - Check in preparation area | H106: E - Assembly of starting materials | I106: E1 - Incorrect drug assembled (Assembly) | J106: Op 51 | K106: Op 9 | L106: N - Distraction | M106: Low | N106: None | O106: No | P106: incorrect drug selected, etoposide instead of docetaxel
B107: 44735 | C107: NCCC | D107: B - Made under Section 10 | E107: Fluorouracil infusor | F107: A - Cytotoxic adult | G107: C - Check in preparation area | H107: C - Label generation errors | I107: C13 - Incorrect expiry date/time (Label generation) | J107: Op 118 | K107: Op 136 | L107: N - Distraction | M107: Low | N107: None | O107: No | P107: incorrect expiry on label
B108: 44736 | C108: NCCC | D108: B - Made under Section 10 | E108: Paclitaxel | F108: A - Cytotoxic adult | G108: C - Check in preparation area | H108: C - Label generation errors | I108: C9 - Incorrect batch number for product (Label generation) | J108: Op 118 | K108: Op 11 | L108: N - Distraction | M108: Low | N108: None | O108: No | P108: incorrect BN on labels
B109: 44736 | C109: NCCC | D109: B - Made under Section 10 | E109: Fluorouracil infusor | F109: A - Cytotoxic adult | G109: C - Check in preparation area | H109: B - Worksheet preparation error | I109: B10 - Use of incorrect worksheet (Worksheet prep) | J109: Op 118 | K109: Op 136 | L109: N - Distraction | M109: Low | N109: None | O109: No | P109: wrong selection of infusor worksheet
B110: 44740 | C110: Zone 5 PN | D110: B - Made under Section 10 | E110: Adult Bag | F110: C - Parenteral Nutrition - adult | G110: C - Check in preparation area | H110: E - Assembly of starting materials | I110: E3 - Incorrect quantity of drug vials assembled (Assembly) | J110: Op 112 | K110: Op 13 | L110: N - Distraction | M110: Low | N110: None | O110: No | P110: no calcium chloride set up
... B123: 44742 | C123: NCCC | D123: D - Clinical Trial | E123: JNJ Trial | F123: A - Cytotoxic adult | G123: C - Check in preparation area | H123: C - Label generation errors | I123: C3 - Incorrect diluent name (Label generation) | J123: Op 118 | K123: Op 136 | L123: N - Distraction | M123: Low | N123: None | O123: No | P123: wrong diluent on labels

Sheet Jul 22
C2: Error Record
C3: 44743
B5: Date | C5: Production Area | D5: Licensed Status | E5: Product | F5: Product Category | G5: When Was Error Detected | H5: Error Type - PPU | I5: Error Type - NAERS | J5: Who Made Error | K5: Who Detected Error | L5: Contributing Factors | M5: GMP Failure Severity | N5: Potential Outcome | O5: Did This Lead To CAPA/RCA | P5: Comments
B6: 44743 | C6: Zone 5 AD | D6: B - Made under Section 10 | E6: Baclofen IT | F6: F - Other Aseptic Product | G6: C - Check in preparation area | H6: C - Label generation errors | I6: C18 - Incorrect quantity of labels (Label generation) | J6: Op 22 | K6: Op 4 | L6: N - Distraction | M6: Low | N6: None | O6: No | P6: not enough labels
B7: 44743 | C7: Zone 5 AD | D7: B - Made under Section 10 | E7: Ambisome | F7: F - Other Aseptic Product | G7: C - Check in preparation area | H7: E - Assembly of starting materials | I7: E7 - Incorrect quantity/volume of diluent assembled (Assembly) | J7: Op 115 | K7: Op 4 | L7: N - Distraction | M7: Low | N7: None | O7: No | P7: not enough WFI
B8: 44743 | C8: NCCC | D8: B - Made under Section 10 | E8: Paclitaxel | F8: A - Cytotoxic adult | G8: C - Check in preparation area | H8: C - Label generation errors | I8: C9 - Incorrect batch number for product (Label generation) | J8: Op 118 | K8: Op 4 | L8: N - Distraction | M8: Low | N8: None | O8: No | P8: incorrect batch number on label
B9: 44743 | C9: NCCC | D9: B - Made under Section 10 | E9: Pemobrolizumab | F9: A - Cytotoxic adult | G9: C - Check in preparation area | H9: B - Worksheet preparation error | I9: C13 - Incorrect expiry date/time (Label generation) | J9: Op 2 | K9: Op 11 | L9: N - Distraction | M9: Low | N9: None | O9: No | P9: Incorrect expiry on label
B10: 44743 | C10: NCCC | D10: B - Made under Section 10 | E10: Isatuximab | F10: A - Cytotoxic adult | G10: C - Check in preparation area | H10: E - Assembly of starting materials | I10: E1 - Incorrect drug assembled (Assembly) | J10: Op 88 | K10: Op 11 | L10: N - Distraction | M10: Low | N10: None | O10: No | P10: Rituximab set up instead of Isatuximab
B11: 44743 | C11: NCCC | D11: B - Made under Section 10 | E11: Etoposide | F11: A - Cytotoxic adult | G11: C - Check in preparation area | H11: C - Label generation errors | I11: C13 - Incorrect expiry date/time (Label generation) | J11: Op 118 | K11: Op 120 | L11: N - Distraction | M11: Low | N11: None | O11: No | P11: incorrect expiry tim on label
B12: 44743 | C12: NCCC | D12: B - Made under Section 10 | E12: Oxaliplatin | F12: A - Cytotoxic adult | G12: C - Check in preparation area | H12: B - Worksheet preparation error | I12: B10 - Use of incorrect worksheet (Worksheet prep) | J12: Op 118 | K12: Op 120 | L12: N - Distraction | M12: Low | N12: None | O12: No | P12: incorrect worksheet needed for conc. range
B13: 44747 | C13: Zone 5 PN | D13: B - Made under Section 10 | E13: Adult Bag | F13: C - Parenteral Nutrition - adult | G13: C - Check in preparation area | H13: E - Assembly of starting materials | I13: E3 - Incorrect quantity of drug vials assembled (Assembly) | J13: Op 68 | K13: Op 13 | L13: N - Distraction | M13: Low | N13: None | O13: No | P13: too much sodium glycerphosphate
B14: 44748 | C14: Zone 5 PN | D14: B - Made under Section 10 | E14: Adult Bag | F14: C - Parenteral Nutrition - adult | G14: C - Check in preparation area | H14: E - Assembly of starting materials | I14: E15 - Incorrect batch number for diluent vials recorded (Assembly) | J14: Op 116 | K14: Op 12 | L14: N - Distraction | M14: Low | N14: None | O14: No | P14: incorrect BN for Glucose 20%
B15: 44748 | C15: Zone 5 PN | D15: B - Made under Section 10 | E15: Adult Bag | F15: C - Parenteral Nutrition - adult | G15: C - Check in preparation area | H15: E - Assembly of starting materials | I15: E1 - Incorrect drug assembled (Assembly) | J15: Op 68 | K15: Op 27 | L15: N - Distraction | M15: Low | N15: None | O15: No | P15: vitlipid infant set up instead of vitlipid adult
B16: 44749 | C16: Zone 5 PN | D16: B - Made under Section 10 | E16: Adult Bag | F16: C - Parenteral Nutrition - adult | G16: C - Check in preparation area | H16: E - Assembly of starting materials | I16: E3 - Incorrect quantity of drug vials assembled (Assembly) | J16: Op 68 | K16: Op 13 | L16: N - Distraction | M16: Low | N16: None | O16: No | P16: extra addiven set up
B17: 44749 | C17: Zone 5 PN | D17: B - Made under Section 10 | E17: Paed Bag | F17: D - Parenteral Nutrition - paed | G17: C - Check in preparation area | H17: E - Assembly of starting materials | I17: E7 - Incorrect quantity/volume of diluent assembled (Assembly) | J17: Op 68 | K17: Op 13 | L17: N - Distraction | M17: Low | N17: None | O17: No | P17: too much glucose 50% set up
... B131: 44770 | C131: Zone 6 | D131: A - Made under MS License | E131: Amphoteracin eye drops | F131: F - Other Aseptic Product | G131: C - Check in preparation area | H131: E - Assembly of starting materials | I131: E15 - Incorrect batch number for diluent vials recorded (Assembly) | J131: Op 117 | K131: Op 18 | L131: N - Distraction | M131: Low | N131: None | O131: No | P131: incorrect BN for WFI

Sheet Aug 22
C2: Error Record
C3: 44774
B5: Date | C5: Production Area | D5: Licensed Status | E5: Product | F5: Product Category | G5: When Was Error Detected | H5: Error Type - PPU | I5: Error Type - NAERS | J5: Who Made Error | K5: Who Detected Error | L5: Contributing Factors | M5: GMP Failure Severity | N5: Potential Outcome | O5: Did This Lead To CAPA/RCA | P5: Comments
B6: 44774 | C6: Zone 5 PN | D6: B - Made under Section 10 | E6: Paed Bag | F6: D - Parenteral Nutrition - paed | G6: C - Check in preparation area | H6: E - Assembly of starting materials | I6: E7 - Incorrect quantity/volume of diluent assembled (Assembly) | J6: Op 69 | K6: Op 13 | L6: N - Distraction | M6: Low | N6: None | O6: No | P6: Not enough water
B7: 44774 | C7: Zone 5 PN | D7: B - Made under Section 10 | E7: Paed Bag | F7: D - Parenteral Nutrition - paed | G7: C - Check in preparation area | H7: E - Assembly of starting materials | I7: E3 - Incorrect quantity of drug vials assembled (Assembly) | J7: Op 69 | K7: Op 13 | L7: N - Distraction | M7: Low | N7: None | O7: No | P7: too much peditrace
B8: 44774 | C8: Zone 5 PN | D8: B - Made under Section 10 | E8: Adult Bag | F8: C - Parenteral Nutrition - adult | G8: C - Check in preparation area | H8: E - Assembly of starting materials | I8: E3 - Incorrect quantity of drug vials assembled (Assembly) | J8: Op 69 | K8: Op 13 | L8: N - Distraction | M8: Low | N8: None | O8: No | P8: not enough sodium glycerphosphate
B9: 44774 | C9: Zone 5 PN | D9: B - Made under Section 10 | E9: Adult Bag | F9: C - Parenteral Nutrition - adult | G9: C - Check in preparation area | H9: E - Assembly of starting materials | I9: E3 - Incorrect quantity of drug vials assembled (Assembly) | J9: Op 69 | K9: Op 13 | L9: N - Distraction | M9: Low | N9: None | O9: No | P9: not enough addaven
B10: 44774 | C10: Zone 5 PN | D10: B - Made under Section 10 | E10: Adult Bag | F10: C - Parenteral Nutrition - adult | G10: C - Check in preparation area | H10: E - Assembly of starting materials | I10: E6 - Incorrect strength of diluent assembled (Assembly) | J10: Op 52 | K10: Op 13 | L10: N - Distraction | M10: Low | N10: None | O10: No | P10: glucose 50% instead of 20%
B11: 44775 | C11: Zone 5 PN | D11: B - Made under Section 10 | E11: Adult Bag | F11: C - Parenteral Nutrition - adult | G11: C - Check in preparation area | H11: E - Assembly of starting materials | I11: E15 - Incorrect batch number for diluent vials recorded (Assembly) | J11: Op 69 | K11: Op 81 | L11: N - Distraction | M11: Low | N11: None | O11: No | P11: missing BN for glucose 10%
B12: 44776 | C12: Zone 5 PN | D12: B - Made under Section 10 | E12: Adult Bag | F12: C - Parenteral Nutrition - adult | G12: C - Check in preparation area | H12: E - Assembly of starting materials | I12: E13 - Incorrect batch number for drug vials recorded (Assembly) | J12: Op 34 | K12: Op 10 | L12: N - Distraction | M12: Low | N12: None | O12: No | P12: one of two BN for potassium chloride not recorded
B13: 44777 | C13: Zone 5 PN | D13: B - Made under Section 10 | E13: Paed Bag | F13: D - Parenteral Nutrition - paed | G13: C - Check in preparation area | H13: E - Assembly of starting materials | I13: E7 - Incorrect quantity/volume of diluent assembled (Assembly) | J13: Op 116 | K13: Op 13 | L13: N - Distraction | M13: Low | N13: None | O13: No | P13: not enough wfi
B14: 44777 | C14: Zone 5 PN | D14: B - Made under Section 10 | E14: Paed Bag | F14: D - Parenteral Nutrition - paed | G14: C - Check in preparation area | H14: E - Assembly of starting materials | I14: E3 - Incorrect quantity of drug vials assembled (Assembly) | J14: Op 62 | K14: Op 13 | L14: N - Distraction | M14: Low | N14: None | O14: No | P14: extra sodium glycerphosphate
B15: 44777 | C15: Zone 5 PN | D15: B - Made under Section 10 | E15: Paed Bag | F15: D - Parenteral Nutrition - paed | G15: C - Check in preparation area | H15: E - Assembly of starting materials | I15: E7 - Incorrect quantity/volume of diluent assembled (Assembly) | J15: Op 69 | K15: Op 13 | L15: N - Distraction | M15: Low | N15: None | O15: No | P15: not enough glucose 50%
B16: 44777 | C16: Zone 5 PN | D16: B - Made under Section 10 | E16: Fat | F16: D - Parenteral Nutrition - paed | G16: C - Check in preparation area | H16: E - Assembly of starting materials | I16: E3 - Incorrect quantity of drug vials assembled (Assembly) | J16: Op 69 | K16: Op 13 | L16: N - Distraction | M16: Low | N16: None | O16: No | P16: too much vitlipid infant
B17: 44777 | C17: Zone 5 PN | D17: B - Made under Section 10 | E17: Paed Bag | F17: D - Parenteral Nutrition - paed | G17: C - Check in preparation area | H17: E - Assembly of starting materials | I17: E7 - Incorrect quantity/volume of diluent assembled (Assembly) | J17: Op 81 | K17: Op 13 | L17: N - Distraction | M17: Low | N17: None | O17: No | P17: missing 1 glucose 20% and 1 glucose 40%
... B107: 44803 | C107: Zone 5 PN | D107: B - Made under Section 10 | E107: allergy | F107: F - Other Aseptic Product | G107: C - Check in preparation area | H107: C - Label generation errors | I107: C4 - Incorrect drug strength (Label generation) | J107: Op 22 | K107: Op 13 | L107: N - Distraction | M107: Low | N107: None | O107: No | P107: wrong strength on label
B108: 44796 | C108: NCCC | D108: B - Made under Section 10 | F108: A - Cytotoxic adult | G108: C - Check in preparation area | H108: E - Assembly of starting materials | I108: E5 - Incorrect diluent assembled (Assembly) | J108: Op 68 | K108: Op 82 | L108: N - Distraction | M108: Low | N108: None | O108: No | P108: should be sodium chloride bag but glucose picked
B109: 44796 | C109: NCCC | D109: B - Made under Section 10 | E109: Atezolizumab | F109: A - Cytotoxic adult | G109: C - Check in preparation area | H109: C - Label generation errors | I109: C13 - Incorrect expiry date/time (Label generation) | J109: Op 118 | K109: Op 36 | L109: N - Distraction | M109: Low | N109: None | O109: No | P109: incorrect expiry time on label
B110: 44796 | C110: NCCC | D110: B - Made under Section 10 | E110: bevacizumab | F110: A - Cytotoxic adult | G110: C - Check in preparation area | H110: C - Label generation errors | I110: C1 - Incorrect patient details (Label generation) | J110: Op 87 | K110: Op 120 | L110: N - Distraction | M110: Low | N110: None | O110: No | P110: incorrect patient number on label
B111: 44797 | C111: NCCC | D111: B - Made under Section 10 | F111: A - Cytotoxic adult | G111: C - Check in preparation area | H111: E - Assembly of starting materials | I111: E5 - Incorrect diluent assembled (Assembly) | J111: Op 68 | K111: Op 82 | L111: N - Distraction | M111: Low | N111: None | O111: No | P111: should be glucose bag but picked sodium chloride
B112: 44797 | C112: NCCC | D112: B - Made under Section 10 | E112: melphalan | F112: A - Cytotoxic adult | G112: C - Check in preparation area | H112: C - Label generation errors | I112: C13 - Incorrect expiry date/time (Label generation) | J112: Op 116 | K112: Op 82 | L112: N - Distraction | M112: Low | N112: None | O112: No | P112: incorrect expiry
B113: 44798 | C113: NCCC | D113: B - Made under Section 10 | E113: paclitaxel albumin | F113: A - Cytotoxic adult | G113: C - Check in preparation area | H113: E - Assembly of starting materials | I113: E1 - Incorrect drug assembled (Assembly) | J113: Op 68 | K113: Op 120 | L113: N - Distraction | M113: Low | N113: None | O113: No | P113: set up paclitaxel instead of paclitaxel albumin
B114: 44798 | C114: NCCC | D114: B - Made under Section 10 | E114: etoposide | F114: A - Cytotoxic adult | G114: C - Check in preparation area | H114: C - Label generation errors | I114: C13 - Incorrect expiry date/time (Label generation) | J114: Op 118 | K114: Op 120 | L114: N - Distraction | M114: Low | N114: None | O114: No | P114: incorrect expiry time on label
B115: 44798 | C115: NCCC | D115: D - Clinical Trial | E115: 565487 | F115: A - Cytotoxic adult | G115: C - Check in preparation area | H115: C - Label generation errors | I115: C3 - Incorrect diluent name (Label generation) | J115: Op 118 | K115: Op 120 | L115: N - Distraction | M115: Low | N115: None | O115: No | P115: incorrect diluent on label
B116: 44799 | C116: NCCC | D116: B - Made under Section 10 | E116: Cyclophosphamide | F116: A - Cytotoxic adult | G116: C - Check in preparation area | H116: E - Assembly of starting materials | I116: E5 - Incorrect diluent assembled (Assembly) | J116: Op 118 | K116: Op 82 | L116: N - Distraction | M116: Low | N116: None | O116: No | P116: not picked sodium chloride bags 50ml + 100ml
B117: 44803 | C117: NCCC | D117: B - Made under Section 10 | E117: Fluoruoracil | F117: A - Cytotoxic adult | G117: C - Check in preparation area | H117: C - Label generation errors | I117: C13 - Incorrect expiry date/time (Label generation) | J117: Op 116 | K117: Op 82 | L117: N - Distraction | M117: Low | N117: None | O117: No | P117: incorrect expiry
B118: 44803 | C118: NCCC | D118: B - Made under Section 10 | E118: gemcitabine | F118: A - Cytotoxic adult | G118: C - Check in preparation area | H118: B - Worksheet preparation error | I118: B5 - Incorrect volume of diluent (Worksheet prep) | J118: Op 87 | K118: Op 120 | L118: N - Distraction | M118: Low | N118: None | O118: No | P118: only 1 sodium chloride on worksheet, more needed to maintain closed system
B119: 44803 | C119: NCCC | D119: B - Made under Section 10 | E119: melphalan | F119: A - Cytotoxic adult | G119: C - Check in preparation area | H119: E - Assembly of starting materials | I119: E6 - Incorrect strength of diluent assembled (Assembly) | J119: Op 68 | K119: Op 82 | L119: N - Distraction | M119: Low | N119: None | O119: No | P119: wrong strength sodium chloride set up, 0.9% instead of 30%
B120: 44803 | C120: NCCC | D120: B - Made under Section 10 | E120: carboplatin | F120: A - Cytotoxic adult | G120: C - Check in preparation area | H120: C - Label generation errors | I120: C4 - Incorrect drug strength (Label generation) | J120: Op 87 | K120: Op 82 | L120: N - Distraction | M120: Low | N120: None | O120: No | P120: wrong strength dose on the label
B121: 44804 | C121: NCCC | D121: B - Made under Section 10 | E121: avelumab | F121: A - Cytotoxic adult | G121: C - Check in preparation area | H121: C - Label generation errors | I121: C4 - Incorrect drug strength (Label generation) | J121: Op 116 | K121: Op 120 | L121: N - Distraction | M121: Low | N121: None | O121: No | P121: incorrect dose on label
B122: 44804 | C122: NCCC | D122: B - Made under Section 10 | E122: avelumab | F122: A - Cytotoxic adult | G122: C - Check in preparation area | H122: C - Label generation errors | I122: C13 - Incorrect expiry date/time (Label generation) | J122: Op 116 | K122: Op 120 | L122: N - Distraction | M122: Low | N122: None | O122: No | P122: incorrect expiry date on label
B123: 44804 | C123: NCCC | D123: B - Made under Section 10 | E123: avelumab | F123: A - Cytotoxic adult | G123: C - Check in preparation area | H123: E - Assembly of starting materials | I123: E9 - Incorrect volume syringes provided (Assembly) | J123: Op 68 | K123: Op 120 | L123: N - Distraction | M123: Low | N123: None | O123: No | P123: micrel bag set up instead of empty PN bag
B124: 44788 | C124: NCCC | D124: B - Made under Section 10 | E124: Water for Injection | F124: A - Cytotoxic adult | G124: C - Check in preparation area | H124: E - Assembly of starting materials | I124: E5 - Incorrect diluent assembled (Assembly) | J124: Op 62 | K124: Op 82 | L124: N - Distraction | M124: Low | N124: None | O124: No | P124: should of NaCl amps - discard water for injection
B125: 44790 | C125: NCCC | D125: B - Made under Section 10 | E125: pembrolizumab | F125: A - Cytotoxic adult | G125: C - Check in preparation area | H125: E - Assembly of starting materials | I125: E14 - Incorrect expiry date for drug vials recorded (Assembly) | J125: Op 51 | K125: Op 120 | L125: N - Distraction | M125: Low | N125: None | O125: No | P125: no time record for out of the fridge

Sheet Sep 22
C2: Error Record
C3: 44805
B5: Date | C5: Production Area | D5: Licensed Status | E5: Product | F5: Product Category | G5: When Was Error Detected | H5: Error Type - PPU | I5: Error Type - NAERS | J5: Who Made Error | K5: Who Detected Error | L5: Contributing Factors | M5: GMP Failure Severity | N5: Potential Outcome | O5: Did This Lead To CAPA/RCA | P5: Comments
B6: 44805 | C6: Zone 5 PN | D6: B - Made under Section 10 | E6: Fat | F6: D - Parenteral Nutrition - paed | G6: C - Check in preparation area | H6: E - Assembly of starting materials | I6: E3 - Incorrect quantity of drug vials assembled (Assembly) | J6: Op 76 | K6: Op 13 | L6: N - Distraction | M6: Low | N6: None | O6: No | P6: missing 1 amp of vitlipid
B7: 44806 | C7: Zone 5 PN | D7: B - Made under Section 10 | E7: Paed Bag | F7: D - Parenteral Nutrition - paed | G7: C - Check in preparation area | H7: E - Assembly of starting materials | I7: E13 - Incorrect batch number for drug vials recorded (Assembly) | J7: Op 23 | K7: Op 31 | L7: N - Distraction | M7: Low | N7: None | O7: No | P7: Incorrect BN for Sodium glycerphosphate
B8: 44806 | C8: Zone 5 PN | D8: B - Made under Section 10 | E8: Paed Bag | F8: D - Parenteral Nutrition - paed | G8: C - Check in preparation area | H8: E - Assembly of starting materials | I8: E3 - Incorrect quantity of drug vials assembled (Assembly) | J8: Op 76 | K8: Op 31 | L8: N - Distraction | M8: Low | N8: None | O8: No | P8: insufficient vials set up for potassium chloride
B9: 44806 | C9: Zone 5 PN | D9: B - Made under Section 10 | E9: Adult Bag | F9: C - Parenteral Nutrition - adult | G9: C - Check in preparation area | H9: E - Assembly of starting materials | I9: E7 - Incorrect quantity/volume of diluent assembled (Assembly) | J9: Op 85 | K9: Op 31 | L9: N - Distraction | M9: Low | N9: None | O9: No | P9: insufficient vials of WFI set up
B10: 44806 | C10: Zone 5 PN | D10: B - Made under Section 10 | E10: Adult Bag | F10: C - Parenteral Nutrition - adult | G10: C - Check in preparation area | H10: E - Assembly of starting materials | I10: E3 - Incorrect quantity of drug vials assembled (Assembly) | J10: Op 85 | K10: Op 31 | L10: N - Distraction | M10: Low | N10: None | O10: No | P10: excess stock set up for sodium glycerphosphate
B11: 44806 | C11: Zone 5 PN | D11: B - Made under Section 10 | E11: Adult Bag | F11: C - Parenteral Nutrition - adult | G11: C - Check in preparation area | H11: E - Assembly of starting materials | I11: E1 - Incorrect drug assembled (Assembly) | J11: Op 85 | K11: Op 13 | L11: N - Distraction | M11: Low | N11: None | O11: No | P11: water set up instead of solivito
B12: 44806 | C12: Zone 5 PN | D12: B - Made under Section 10 | E12: Paed Bag | F12: D - Parenteral Nutrition - paed | G12: C - Check in preparation area | H12: E - Assembly of starting materials | I12: E13 - Incorrect batch number for drug vials recorded (Assembly) | J12: Op 85 | K12: Op 31 | L12: N - Distraction | M12: Low | N12: None | O12: No | P12: incorrect BN for calcium chloride
B13: 44805 | C13: Zone 5 AD | D13: B - Made under Section 10 | E13: Caspofungin | F13: F - Other Aseptic Product | G13: C - Check in preparation area | H13: E - Assembly of starting materials | I13: E7 - Incorrect quantity/volume of diluent assembled (Assembly) | J13: Op 115 | K13: Op 13 | L13: N - Distraction | M13: Low | N13: None | O13: No | P13: no water set up
B14: 44806 | C14: Zone 5 AD | D14: B - Made under Section 10 | E14: Ceftazidime | F14: F - Other Aseptic Product | G14: C - Check in preparation area | H14: C - Label generation errors | I14: C13 - Incorrect expiry date/time (Label generation) | J14: Op 22 | K14: Op 66 | L14: N - Distraction | M14: Low | N14: None | O14: No | P14: incorrect expiry time
B15: 44805 | C15: Zone 5 Cyt | D15: B - Made under Section 10 | E15: Methotrexate IT | F15: B - Cytotoxic paed | G15: C - Check in preparation area | H15: C - Label generation errors | I15: C17 - Incorrect location details/ward (Label generation) | J15: Op 14 | K15: Op 9 | L15: N - Distraction | M15: Low | N15: None | O15: No | P15: wrong ward number
B16: 44805 | C16: NCCC | D16: B - Made under Section 10 | E16: Fluorouracil | F16: A - Cytotoxic adult | G16: C - Check in preparation area | H16: B - Worksheet preparation error | I16: B3 - Incorrect dosage calculation (Worksheet prep) | J16: Op 46 | K16: Op 120 | L16: N - Distraction | M16: Low | N16: None | O16: No | P16: 2 fluorouracil instead of 3 on worksheet
B17: 44805 | C17: NCCC | D17: B - Made under Section 10 | E17: paclitaxel | F17: A - Cytotoxic adult | G17: C - Check in preparation area | H17: E - Assembly of starting materials | I17: E3 - Incorrect quantity of drug vials assembled (Assembly) | J17: Op 68 | K17: Op 11 | L17: N - Distraction | M17: Low | N17: None | O17: No | P17: too much drug set up
... B49: 44813 | C49: Zone 5 Cyt | D49: B - Made under Section 10 | E49: Doxorubicin Beads | F49: B - Cytotoxic paed | G49: C - Check in preparation area | H49: C - Label generation errors | I49: C18 - Incorrect quantity of labels (Label generation) | J49: Op 14 | K49: Op 13 | L49: N - Distraction | M49: Low | N49: None | O49: No | P49: not enough labels generated
B50: 44809 | C50: NCCC | D50: B - Made under Section 10 | F50: A - Cytotoxic adult | G50: C - Check in preparation area | H50: E - Assembly of starting materials | I50: E5 - Incorrect diluent assembled (Assembly) | J50: Op 68 | K50: Op 82 | L50: N - Distraction | M50: Low | N50: None | O50: No | P50: sodium chloride set up instead of glucose
B51: 44809 | C51: NCCC | D51: D - Clinical Trial | E51: clinical Trial | F51: A - Cytotoxic adult | G51: C - Check in preparation area | H51: C - Label generation errors | I51: C13 - Incorrect expiry date/time (Label generation) | J51: Op 46 | K51: Op 82 | L51: N - Distraction | M51: Low | N51: None | O51: No | P51: incorrect preparation time on the label
B52: 44809 | C52: NCCC | D52: B - Made under Section 10 | E52: cyclophosphamide | F52: A - Cytotoxic adult | G52: C - Check in preparation area | H52: E - Assembly of starting materials | I52: E7 - Incorrect quantity/volume of diluent assembled (Assembly) | J52: Op 68 | K52: Op 120 | L52: N - Distraction | M52: Low | N52: None | O52: No | P52: 50ml sodium chloride set up instead of 100ml
B53: 44809 | C53: NCCC | D53: B - Made under Section 10 | E53: docetaxel | F53: A - Cytotoxic adult | G53: C - Check in preparation area | H53: C - Label generation errors | I53: C13 - Incorrect expiry date/time (Label generation) | J53: Op 87 | K53: Op 82 | L53: N - Distraction | M53: Low | N53: None | O53: No | P53: incorrect dose on the label of docetaxel
B54: 44809 | C54: NCCC | D54: B - Made under Section 10 | E54: methotrexate | F54: A - Cytotoxic adult | G54: C - Check in preparation area | H54: E - Assembly of starting materials | I54: E7 - Incorrect quantity/volume of diluent assembled (Assembly) | J54: Op 62 | K54: Op 82 | L54: N - Distraction | M54: Low | N54: None | O54: No | P54: selected 2 1000ml sodium chloride bags instead of 1
B55: 44809 | C55: NCCC | D55: B - Made under Section 10 | E55: etoposide | F55: A - Cytotoxic adult | G55: C - Check in preparation area | H55: B - Worksheet preparation error | I55: B10 - Use of incorrect worksheet (Worksheet prep) | J55: Op 87 | K55: Op 120 | L55: N - Distraction | M55: Low | N55: None | O55: No | P55: etoposide incorrect worksheet selected should have used higher dose worksheet
B56: 44809 | C56: NCCC | D56: B - Made under Section 10 | E56: Mitomycin | F56: A - Cytotoxic adult | G56: C - Check in preparation area | H56: E - Assembly of starting materials | I56: E5 - Incorrect diluent assembled (Assembly) | J56: Op 88 | K56: Op 82 | L56: N - Distraction | M56: Low | N56: None | O56: No | P56: sodium chloride set up instead of WFI
B57: 44812 | C57: NCCC | D57: B - Made under Section 10 | E57: Treosulfan | F57: A - Cytotoxic adult | G57: C - Check in preparation area | H57: E - Assembly of starting materials | I57: E6 - Incorrect strength of diluent assembled (Assembly) | J57: Op 68 | K57: Op 120 | L57: N - Distraction | M57: Low | N57: None | O57: No | P57: treosulfan set up with sodium chloride 0.9% instead of 0.45%
B58: 44812 | C58: NCCC | D58: B - Made under Section 10 | E58: Cisplatin | F58: A - Cytotoxic adult | G58: C - Check in preparation area | H58: E - Assembly of starting materials | I58: E1 - Incorrect drug assembled (Assembly) | J58: Op 68 | K58: Op 120 | L58: N - Distraction | M58: Low | N58: None | O58: No | P58: carboplatin set up instead of cisplatin
B59: 44813 | C59: NCCC | D59: B - Made under Section 10 | E59: dacarbazine | F59: A - Cytotoxic adult | G59: C - Check in preparation area | H59: E - Assembly of starting materials | I59: E8 - Incorrect quantity of syringes (Assembly) | J59: Op 68 | K59: Op 120 | L59: N - Distraction | M59: Low | N59: None | O59: No | P59: no green bag set up for dacarbazine
B60: 44816 | C60: Zone 5 PN | D60: B - Made under Section 10 | E60: Paed Bag | F60: D - Parenteral Nutrition - paed | G60: C - Check in preparation area | H60: E - Assembly of starting materials | I60: E1 - Incorrect drug assembled (Assembly) | J60: Op 85 | K60: Op 31 | L60: N - Distraction | M60: Low | N60: None | O60: No | P60: smof set up instead of vaminolact
B61: 44816 | C61: Zone 5 PN | D61: B - Made under Section 10 | E61: Fat bottle | F61: D - Parenteral Nutrition - paed | G61: C - Check in preparation area | H61: E - Assembly of starting materials | I61: E13 - Incorrect batch number for drug vials recorded (Assembly) | J61: Op 85 | K61: OP 31 | L61: N - Distraction | M61: Low | N61: None | O61: No | P61: incorrect BN for SMOF 250ML
B62: 44817 | C62: Zone 5 PN | D62: B - Made under Section 10 | E62: Adult Bag | F62: C - Parenteral Nutrition - adult | G62: C - Check in preparation area | H62: E - Assembly of starting materials | I62: E13 - Incorrect batch number for drug vials recorded (Assembly) | J62: Op 68 | K62: Op 66 | L62: N - Distraction | M62: Low | N62: None | O62: No | P62: 1 BN recorded instead of 2 for potassium chloride
... B99: 44823 | C99: Zone 5 Cyt | D99: B - Made under Section 10 | E99: Gemcitabine | F99: B - Cytotoxic paed | G99: C - Check in preparation area | H99: E - Assembly of starting materials | I99: E1 - Incorrect drug assembled (Assembly) | J99: Op 53 | K99: Op 66 | L99: N - Distraction | M99: Low | N99: None | O99: No | P99: incorrect drug set up, ganciclovir instead of gemcitabine
B100: 44826 | C100: Zone 5 Cyt | D100: B - Made under Section 10 | E100: Fludarabine | F100: B - Cytotoxic paed | G100: C - Check in preparation area | H100: B - Worksheet preparation error | I100: B3 - Incorrect dosage calculation (Worksheet prep) | K100: Op 83 | L100: N - Distraction | M100: Low | N100: None | O100: No | P100: outside concentration range for stability as final volume too small
B101: 44828 | C101: Zone 5 Cyt | D101: B - Made under Section 10 | E101: Cyclophosphamide cassette | F101: B - Cytotoxic paed | G101: C - Check in preparation area | H101: C - Label generation errors | I101: C18 - Incorrect quantity of labels (Label generation) | J101: Op 14 | K101: Op 31 | L101: N - Distraction | M101: Low | N101: None | O101: No | P101: insufficient number of labels generated
B102: 44823 | C102: NCCC | D102: B - Made under Section 10 | E102: Etoposide | F102: A - Cytotoxic adult | G102: C - Check in preparation area | H102: C - Label generation errors | I102: C13 - Incorrect expiry date/time (Label generation) | J102: Op 118 | K102: Op 11 | L102: N - Distraction | M102: Low | N102: None | O102: No | P102: incorrect expiry time on label
B103: 44823 | C103: NCCC | D103: B - Made under Section 10 | E103: Paclitaxel Albumin | F103: A - Cytotoxic adult | G103: C - Check in preparation area | H103: C - Label generation errors | I103: C9 - Incorrect batch number for product (Label generation) | J103: Op 118 | K103: Op 11 | L103: N - Distraction | M103: Low | N103: None | O103: No | P103: Incorrect batch number on labels
B104: 44824 | C104: NCCC | D104: B - Made under Section 10 | E104: Melphalan | F104: A - Cytotoxic adult | G104: C - Check in preparation area | H104: E - Assembly of starting materials | I104: E6 - Incorrect strength of diluent assembled (Assembly) | J104: Op 75 | K104: Op 82 | L104: N - Distraction | M104: Low | N104: None | O104: No | P104: Incorrect strength sodium chloride set up
B105: 44825 | C105: NCCC | D105: B - Made under Section 10 | E105: Savene | F105: A - Cytotoxic adult | G105: C - Check in preparation area | H105: B - Worksheet preparation error | I105: B1 - Incorrect patient name (Worksheet prep) | J105: Op 118 | K105: Op 120 | L105: N - Distraction | M105: Low | N105: None | O105: No | P105: Inoccrect patient name on labels and worksheet
B106: 44826 | C106: NCCC | D106: B - Made under Section 10 | E106: etoposide | F106: A - Cytotoxic adult | G106: C - Check in preparation area | H106: C - Label generation errors | I106: C13 - Incorrect expiry date/time (Label generation) | J106: Op 118 | K106: Op 136 | L106: N - Distraction | M106: Low | N106: None | O106: No | P106: incorrect expiry time on label
B107: 44827 | C107: NCCC | D107: B - Made under Section 10 | E107: etoposide | F107: A - Cytotoxic adult | G107: C - Check in preparation area | H107: E - Assembly of starting materials | I107: E13 - Incorrect batch number for drug vials recorded (Assembly) | J107: Op 51 | K107: Op 120 | L107: N - Distraction | M107: Low | N107: None | O107: No | P107: Not all batch numbers recorded
B108: 44827 | C108: NCCC | D108: B - Made under Section 10 | E108: Cytarabine | F108: A - Cytotoxic adult | G108: C - Check in preparation area | H108: E - Assembly of starting materials | I108: E7 - Incorrect quantity/volume of diluent assembled (Assembly) | J108: Op 68 | K108: Op 120 | L108: N - Distraction | M108: Low | N108: None | O108: No | P108: Only 1 sodium chloride 250ml set up instead of 2
B109: 44830 | C109: Zone 5 PN | D109: B - Made under Section 10 | E109: Adult Bag | F109: C - Parenteral Nutrition - adult | G109: C - Check in preparation area | H109: E - Assembly of starting materials | I109: E13 - Incorrect batch number for drug vials recorded (Assembly) | J109: Op 42 | K109: Op 31 | L109: N - Distraction | M109: Low | N109: None | O109: No | P109: Only 1 of 2 BN recorded for sodium glycerophosphate
B110: 44830 | C110: Zone 5 PN | D110: B - Made under Section 10 | E110: Paed Bag | F110: D - Parenteral Nutrition - paed | G110: C - Check in preparation area | H110: E - Assembly of starting materials | I110: E1 - Incorrect drug assembled (Assembly) | J110: Op 76 | K110: Op 31 | L110: N - Distraction | M110: Low | N110: None | O110: No | P110: magnesium set up instead of calcium
B111: 44830 | C111: Zone 5 PN | D111: B - Made under Section 10 | E111: Paed Bag | F111: D - Parenteral Nutrition - paed | G111: C - Check in preparation area | H111: E - Assembly of starting materials | I111: E13 - Incorrect batch number for drug vials recorded (Assembly) | J111: Op 85 | K111: Op 31 | L111: N - Distraction | M111: Low | N111: None | O111: No | P111: missing number from BN for caclium
B112: 44830 | C112: Zone 5 PN | D112: B - Made under Section 10 | E112: Adult Bag | F112: C - Parenteral Nutrition - adult | G112: C - Check in preparation area | H112: E - Assembly of starting materials | I112: E3 - Incorrect quantity of drug vials assembled (Assembly) | J112: Op 42 | K112: Op 23 | L112: N - Distraction | M112: Low | N112: None | O112: No | P112: set up for 2 bags, only 1 required
... B142: 44834 | C142: NCCC | D142: B - Made under Section 10 | E142: Trabectedin | F142: A - Cytotoxic adult | G142: C - Check in preparation area | H142: C - Label generation errors | I142: C13 - Incorrect expiry date/time (Label generation) | J142: Op 118 | K142: Op 11 | L142: N - Distraction | M142: Low | N142: None | O142: No | P142: Incorrect expiry time

Sheet Oct 22
C2: Error Record
C3: 44835
B5: Date | C5: Production Area | D5: Licensed Status | E5: Product | F5: Product Category | G5: When Was Error Detected | H5: Error Type - PPU | I5: Error Type - NAERS | J5: Who Made Error | K5: Who Detected Error | L5: Contributing Factors | M5: GMP Failure Severity | N5: Potential Outcome | O5: Did This Lead To CAPA/RCA | P5: Comments
B6: 44839 | C6: Zone 5 PN | D6: B - Made under Section 10 | E6: Adult Bag | F6: C - Parenteral Nutrition - adult | G6: C - Check in preparation area | H6: E - Assembly of starting materials | I6: E13 - Incorrect batch number for drug vials recorded (Assembly) | J6: Op 85 | K6: Op 29 | L6: N - Distraction | M6: Low | N6: None | O6: No | P6: Not all batch numbers recorded for SMOF
B7: 44839 | C7: Zone 5 PN | D7: B - Made under Section 10 | E7: Adult Bag | F7: C - Parenteral Nutrition - adult | G7: C - Check in preparation area | H7: E - Assembly of starting materials | I7: E13 - Incorrect batch number for drug vials recorded (Assembly) | J7: Op 39 | K7: Op 27 | L7: N - Distraction | M7: Low | N7: None | O7: No | P7: Only 1 of 2 batch numbers recorded for WFI
B8: 44839 | C8: Zone 5 PN | D8: B - Made under Section 10 | E8: Paed Bag | F8: D - Parenteral Nutrition - paed | G8: C - Check in preparation area | H8: E - Assembly of starting materials | I8: E13 - Incorrect batch number for drug vials recorded (Assembly) | J8: Op 85 | K8: Op 27 | L8: N - Distraction | M8: Low | N8: None | O8: No | P8: Only 1 of 2 batch numbers recorded for SMOF
B9: 44839 | C9: Zone 5 PN | D9: B - Made under Section 10 | E9: Paed Bag | F9: D - Parenteral Nutrition - paed | G9: C - Check in preparation area | H9: E - Assembly of starting materials | I9: E7 - Incorrect quantity/volume of diluent assembled (Assembly) | J9: Op 85 | K9: Op 27 | L9: N - Distraction | M9: Low | N9: None | O9: No | P9: Too much G10% set up
B10: 44839 | C10: Zone 5 PN | D10: B - Made under Section 10 | E10: Paed Bag | F10: D - Parenteral Nutrition - paed | G10: C - Check in preparation area | H10: E - Assembly of starting materials | I10: E3 - Incorrect quantity of drug vials assembled (Assembly) | J10: Op 85 | K10: Op 27 | L10: N - Distraction | M10: Low | N10: None | O10: No | P10: Too much peditrace set up
B11: 44839 | C11: Zone 5 PN | D11: B - Made under Section 10 | E11: Paed Bag | F11: D - Parenteral Nutrition - paed | G11: C - Check in preparation area | H11: E - Assembly of starting materials | I11: E13 - Incorrect batch number for drug vials recorded (Assembly) | J11: Op 85 | K11: Op 27 | L11: N - Distraction | M11: Low | N11: None | O11: No | P11: Only 1 of 2 batch numbers recorded for vaminolact
B12: 44839 | C12: Zone 5 PN | D12: B - Made under Section 10 | E12: Adult Bag | F12: C - Parenteral Nutrition - adult | G12: C - Check in preparation area | H12: E - Assembly of starting materials | I12: E7 - Incorrect quantity/volume of diluent assembled (Assembly) | J12: Op 88 | K12: Op 27 | L12: N - Distraction | M12: Low | N12: None | O12: No | P12: WFI set up - not needed
B13: 44839 | C13: Zone 5 PN | D13: B - Made under Section 10 | E13: Adult Bag | F13: C - Parenteral Nutrition - adult | G13: C - Check in preparation area | H13: E - Assembly of starting materials | I13: E7 - Incorrect quantity/volume of diluent assembled (Assembly) | J13: Op 39 | K13: Op 27 | L13: N - Distraction | M13: Low | N13: None | O13: No | P13: Not enough G50% set up
B14: 44840 | C14: Zone 5 PN | D14: B - Made under Section 10 | E14: Adult Bag | F14: C - Parenteral Nutrition - adult | G14: C - Check in preparation area | H14: E - Assembly of starting materials | I14: E3 - Incorrect quantity of drug vials assembled (Assembly) | J14: Op 76 | K14: Op 13 | L14: N - Distraction | M14: Low | N14: None | O14: No | P14: Not enough sodium glycerophosphate
B15: 44840 | C15: Zone 5 PN | D15: B - Made under Section 10 | E15: Adult Bag | F15: C - Parenteral Nutrition - adult | G15: C - Check in preparation area | H15: E - Assembly of starting materials | I15: E7 - Incorrect quantity/volume of diluent assembled (Assembly) | J15: Op 46 | K15: Op 13 | L15: N - Distraction | M15: Low | N15: None | O15: No | P15: Not enough WFI
B16: 44840 | C16: Zone 5 PN | D16: B - Made under Section 10 | E16: Adult Bag | F16: C - Parenteral Nutrition - adult | G16: C - Check in preparation area | H16: E - Assembly of starting materials | I16: E13 - Incorrect batch number for drug vials recorded (Assembly) | J16: Op 46 | K16: Op 13 | L16: N - Distraction | M16: Low | N16: None | O16: No | P16: Only 1 of 2 batch numbers recorded for calcium
B17: 44840 | C17: Zone 5 PN | D17: B - Made under Section 10 | E17: Adult Bag | F17: C - Parenteral Nutrition - adult | G17: C - Check in preparation area | H17: E - Assembly of starting materials | I17: E13 - Incorrect batch number for drug vials recorded (Assembly) | J17: Op 85 | K17: Op 13 | L17: N - Distraction | M17: Low | N17: None | O17: No | P17: Only 1 of 2 batch numbers recorded for WFI
... B21: 44840 | C21: Zone 5 PN | D21: B - Made under Section 10 | E21: Paed Bag | F21: D - Parenteral Nutrition - paed | G21: C - Check in preparation area | H21: E - Assembly of starting materials | I21: E13 - Incorrect batch number for drug vials recorded (Assembly) | J21: Op 84 | K21: Op 13 | L21: N - Distraction | M21: Low | N21: None | O21: No | P21: Only 1 of 2 batch numbers recorded for WFI
B22: 44840 | C22: Zone 5 AD | D22: B - Made under Section 10 | E22: Ambisome Bag | F22: F - Other Aseptic Product | G22: C - Check in preparation area | H22: A - Inaccurate prescription/transcription verification | I22: A1 - Inaccurate prescription/transcription verification (Prescription) | K22: Op 83 | L22: N - Distraction | M22: Low | N22: None | O22: No | P22: incorrent patient number on prescription caused incorrect worksheet and labels
B23: 44840 | C23: Zone 5 Cyt | D23: B - Made under Section 10 | E23: Infliximab | F23: B - Cytotoxic paed | G23: C - Check in preparation area | H23: E - Assembly of starting materials | I23: E15 - Incorrect batch number for diluent vials recorded (Assembly) | J23: Op 53 | K23: Op 66 | L23: N - Distraction | M23: Low | N23: None | O23: No | P23: only 1 batch number recorded for sodium chloride
B24: 44841 | C24: Zone 6 | D24: A - Made under MS License | E24: Piperacillin/ Tazobactin | F24: F - Other Aseptic Product | G24: C - Check in preparation area | H24: E - Assembly of starting materials | I24: E13 - Incorrect batch number for drug vials recorded (Assembly) | J24: Op 66 | K24: Op 18 | L24: N - Distraction | M24: Low | N24: None | O24: No | P24: Incorrect batch number
B25: 44837 | C25: NCCC | D25: B - Made under Section 10 | E25: Ganciclovir | F25: A - Cytotoxic adult | G25: C - Check in preparation area | H25: E - Assembly of starting materials | I25: E7 - Incorrect quantity/volume of diluent assembled (Assembly) | J25: Op 68 | K25: Op 11 | L25: N - Distraction | M25: Low | N25: None | O25: No | P25: Too many NaCl bags set up
B26: 44838 | C26: NCCC | D26: B - Made under Section 10 | E26: Bleomycin | F26: A - Cytotoxic adult | G26: C - Check in preparation area | H26: E - Assembly of starting materials | I26: E13 - Incorrect batch number for drug vials recorded (Assembly) | J26: Op 68 | K26: Op 27 | L26: N - Distraction | M26: Low | N26: None | O26: No | P26: Expiry recorded instead of batch number
B27: 44838 | C27: NCCC | D27: B - Made under Section 10 | E27: Paclitaxel | F27: A - Cytotoxic adult | G27: C - Check in preparation area | H27: C - Label generation errors | I27: C9 - Incorrect batch number for product (Label generation) | J27: Op 118 | K27: Op 27 | L27: N - Distraction | M27: Low | N27: None | O27: No | P27: Incorrect batch number on label
B28: 44838 | C28: NCCC | D28: B - Made under Section 10 | E28: 5Fu Infuser | F28: A - Cytotoxic adult | G28: C - Check in preparation area | H28: C - Label generation errors | I28: C1 - Incorrect patient details (Label generation) | J28: Op 87 | K28: Op 27 | L28: N - Distraction | M28: Low | N28: None | O28: No | P28: Incorrect patient name and hospital number on label
B29: 44840 | C29: NCCC | D29: B - Made under Section 10 | E29: Bortezomib | F29: A - Cytotoxic adult | G29: C - Check in preparation area | H29: E - Assembly of starting materials | I29: E3 - Incorrect quantity of drug vials assembled (Assembly) | J29: Op 68 | K29: Op 9 | L29: N - Distraction | M29: Low | N29: None | O29: No | P29: Incorrect number of bortezomib vials
B30: 44840 | C30: NCCC | D30: B - Made under Section 10 | E30: Infliximab | F30: A - Cytotoxic adult | G30: c - Check in preparation area | H30: E - Assembly of starting materials | I30: E7 - Incorrect quantity/volume of diluent assembled (Assembly) | J30: Op 68 | K30: Op 9 | L30: N - Distraction | M30: Low | N30: None | O30: No | P30: Incorrect number of WFI vials
B31: 44841 | C31: NCCC | D31: B - Made under Section 10 | E31: DT Pace | F31: A - Cytotoxic adult | G31: C - Check in preparation area | H31: C - Label generation errors | I31: C5 - Incorrect diluent volume (Label generation) | J31: Op 116 | K31: Op 11 | L31: N - Distraction | M31: Low | N31: None | O31: No | P31: Incorrect final volume on label
B32: 44844 | C32: Zone 5 PN | D32: B - Made under Section 10 | E32: Adult Bag | F32: C - Parenteral Nutrition - adult | G32: C - Check in preparation area | H32: E - Assembly of starting materials | I32: E15 - Incorrect batch number for diluent vials recorded (Assembly) | J32: Op 23 | K32: Op 27 | L32: N - Distraction | M32: Low | N32: None | O32: No | P32: only 1 of 2 BN recorded for Glucose 20%
B33: 44844 | C33: Zone 5 PN | D33: B - Made under Section 10 | E33: Paed Bag | F33: D - Parenteral Nutrition - paed | G33: C - Check in preparation area | H33: E - Assembly of starting materials | I33: E1 - Incorrect drug assembled (Assembly) | J33: Op 85 | K33: Op 27 | L33: N - Distraction | M33: Low | N33: None | O33: No | P33: Vamin 18EF set up instead of Vamin 14
B34: 44844 | C34: Zone 5 PN | D34: B - Made under Section 10 | E34: Paed Bag | F34: D - Parenteral Nutrition - paed | G34: C - Check in preparation area | H34: E - Assembly of starting materials | I34: E1 - Incorrect drug assembled (Assembly) | J34: Op 85 | K34: Op 27 | L34: N - Distraction | M34: Low | N34: None | O34: No | P34: Sodium glycerphosphate set up instead of peditrace
... B124: 44865 | C124: Zone 6 | D124: A - Made under MS License | E124: eye drops | F124: F - Other Aseptic Product | G124: C - Check in preparation area | H124: C - Label generation errors | I124: C5 - Incorrect diluent volume (Label generation) | J124: Op 37 | K124: Op 13 | L124: N - Distraction | M124: Low | N124: None | O124: No | P124: part of volume missing from label

Sheet Nov 22
C2: Error Record
C3: 44866
B5: Date | C5: Production Area | D5: Licensed Status | E5: Product | F5: Product Category | G5: When Was Error Detected | H5: Error Type - PPU | I5: Error Type - NAERS | J5: Who Made Error | K5: Who Detected Error | L5: Contributing Factors | M5: GMP Failure Severity | N5: Potential Outcome | O5: Did This Lead To CAPA/RCA | P5: Comments
B6: 44866 | C6: Zone 5 PN | D6: B - Made under Section 10 | E6: Adult Bag | F6: C - Parenteral Nutrition - adult | G6: C - Check in preparation area | H6: E - Assembly of starting materials | I6: E1 - Incorrect drug assembled (Assembly) | J6: Op 85 | K6: Op 13 | L6: N - Distraction | M6: Low | N6: None | O6: No | P6: Vitlipid infant set up instead of adult
B7: 44866 | C7: Zone 5 PN | D7: B - Made under Section 10 | E7: Paed Bag | F7: D - Parenteral Nutrition - paed | G7: C - Check in preparation area | H7: E - Assembly of starting materials | I7: E7 - Incorrect quantity/volume of diluent assembled (Assembly) | J7: Op 85 | K7: Op 13 | L7: N - Distraction | M7: Low | N7: None | O7: No | P7: not enough water/solivito for 2 bags
B8: 44866 | C8: Zone 5 PN | D8: B - Made under Section 10 | E8: Paed Bag | F8: D - Parenteral Nutrition - paed | G8: C - Check in preparation area | H8: E - Assembly of starting materials | I8: E1 - Incorrect drug assembled (Assembly) | J8: Op 85 | K8: Op 13 | L8: N - Distraction | M8: Low | N8: None | O8: No | P8: potassium chloride set up instead of potassium acetate
B9: 44867 | C9: Zone 5 PN | D9: B - Made under Section 10 | E9: Paed Bag | F9: D - Parenteral Nutrition - paed | G9: C - Check in preparation area | H9: E - Assembly of starting materials | I9: E3 - Incorrect quantity of drug vials assembled (Assembly) | J9: Op 85 | K9: Op 13 | L9: N - Distraction | M9: Low | N9: None | O9: No | P9: extra sodium chloride, sodium acetate and calcium set up
B10: 44868 | C10: Zone 5 PN | D10: B - Made under Section 10 | E10: Adult Bag | F10: C - Parenteral Nutrition - adult | G10: C - Check in preparation area | H10: E - Assembly of starting materials | I10: E3 - Incorrect quantity of drug vials assembled (Assembly) | J10: Op 85 | K10: Op 13 | L10: N - Distraction | M10: Low | N10: None | O10: No | P10: not enough potassium chloride
B11: 44869 | C11: Zone 5 AD | D11: B - Made under Section 10 | E11: Baclofen IT | F11: F - Other Aseptic Product | G11: C - Check in preparation area | H11: C - Label generation errors | I11: C18 - Incorrect quantity of labels (Label generation) | J11: Op 22 | K11: Op 27 | L11: N - Distraction | M11: Low | N11: None | O11: No | P11: not enough labels produced
B12: 44869 | C12: Zone 5 AD | D12: A - Made under MS License | E12: Ceftazidime Homecare | F12: F - Other Aseptic Product | G12: C - Check in preparation area | H12: B - Worksheet preparation error | I12: B3 - Incorrect dosage calculation (Worksheet prep) | J12: Op 22 | K12: Op 27 | L12: N - Distraction | M12: Low | N12: None | O12: No | P12: not enough ceftazidime written down
B13: 44869 | C13: Zone 5 AD | D13: A - Made under MS License | E13: Ceftazidime Homecare | F13: F - Other Aseptic Product | G13: C - Check in preparation area | H13: C - Label generation errors | I13: C1 - Incorrect patient details (Label generation) | J13: Op 22 | K13: Op 27 | L13: N - Distraction | M13: Low | N13: None | O13: No | P13: patient name spelled incorrectly
B14: 37564 | C14: Zone 5 Cyt | D14: D - Clinical Trial | E14: Trial 09886 | F14: B - Cytotoxic paed | G14: C - Check in preparation area | H14: C - Label generation errors | I14: C18 - Incorrect quantity of labels (Label generation) | J14: Op 67 | K14: Op 27 | L14: N - Distraction | M14: Low | N14: None | O14: No | P14: not enough labels produced
B15: 44868 | C15: Zone 5 PN | D15: B - Made under Section 10 | E15: Adult Bag | F15: C - Parenteral Nutrition - adult | G15: C - Check in preparation area | H15: E - Assembly of starting materials | I15: E1 - Incorrect drug assembled (Assembly) | J15: Op 116 | K15: Op 66 | L15: N - Distraction | M15: Low | N15: None | O15: No | P15: Vitlipid infant set up instead of adult
B16: 44868 | C16: Zone 5 PN | D16: B - Made under Section 10 | E16: Paed Bag | F16: D - Parenteral Nutrition - paed | G16: C - Check in preparation area | H16: E - Assembly of starting materials | I16: E13 - Incorrect batch number for drug vials recorded (Assembly) | J16: Op 52 | K16: Op 66 | L16: N - Distraction | M16: Low | N16: None | O16: No | P16: only 1 of 2 BN recorded for peditrace
B17: 44868 | C17: Zone 5 PN | D17: B - Made under Section 10 | E17: Paed Bag | F17: D - Parenteral Nutrition - paed | G17: C - Check in preparation area | H17: E - Assembly of starting materials | I17: E3 - Incorrect quantity of drug vials assembled (Assembly) | J17: Op 85 | K17: Op 66 | L17: N - Distraction | M17: Low | N17: None | O17: No | P17: not enough potassium chloride
... B129: 44894 | C129: NCCC | D129: B - Made under Section 10 | E129: fluorouracil | F129: A - Cytotoxic adult | G129: C - Check in preparation area | H129: E - Assembly of starting materials | I129: E3 - Incorrect quantity of drug vials assembled (Assembly) | J129: Op 42 | K129: Op 61 | L129: N - Distraction | M129: Low | N129: None | O129: No | P129: incorrect vial size set up (50ml instead of 100ml)

Sheet Dec 22
C2: Error Record
C3: 44896
B5: Date | C5: Production Area | D5: Licensed Status | E5: Product | F5: Product Category | G5: When Was Error Detected | H5: Error Type - PPU | I5: Error Type - NAERS | J5: Who Made Error | K5: Who Detected Error | L5: Contributing Factors | M5: GMP Failure Severity | N5: Potential Outcome | O5: Did This Lead To CAPA/RCA | P5: Comments
B6: 44896 | C6: Zone 5 PN | D6: B - Made under Section 10 | E6: Babiven | F6: D - Parenteral Nutrition - paed | G6: C - Check in preparation area | H6: E - Assembly of starting materials | I6: E13 - Incorrect batch number for drug vials recorded (Assembly) | J6: Op 95 | K6: Op 43 | L6: B - Staff new/in training | M6: Low | N6: None | O6: No | P6: formulation number instead of batch number (training second checked by Op 112)
B7: 44896 | C7: Zone 5 PN | D7: B - Made under Section 10 | E7: Babiven | F7: D - Parenteral Nutrition - paed | G7: C - Check in preparation area | H7: E - Assembly of starting materials | I7: E13 - Incorrect batch number for drug vials recorded (Assembly) | J7: Op 95 | K7: Op 43 | L7: B - Staff new/in training | M7: Low | N7: None | O7: No | P7: formulation number instead of batch number (training second checked by Op 112)
B8: 44896 | C8: Zone 5 PN | D8: B - Made under Section 10 | E8: Babiven | F8: D - Parenteral Nutrition - paed | G8: C - Check in preparation area | H8: E - Assembly of starting materials | I8: E13 - Incorrect batch number for drug vials recorded (Assembly) | J8: Op 95 | K8: Op 43 | L8: B - Staff new/in training | M8: Low | N8: None | O8: No | P8: formulation number instead of batch number (training second checked by Op 112)
B9: 44900 | C9: Zone 5 PN | D9: B - Made under Section 10 | E9: Paed Fat | F9: D - Parenteral Nutrition - paed | G9: C - Check in preparation area | H9: E - Assembly of starting materials | I9: E3 - Incorrect quantity of drug vials assembled (Assembly) | J9: Op 39 | K9: Op 27 | L9: N - Distraction | M9: Low | N9: None | O9: No | P9: only set up for 1 bag instead of 2
B10: 44900 | C10: Zone 5 PN | D10: B - Made under Section 10 | E10: Adult Bag | F10: C - Parenteral Nutrition - adult | G10: C - Check in preparation area | H10: E - Assembly of starting materials | I10: E6 - Incorrect strength of diluent assembled (Assembly) | J10: Op 72 | K10: Op 27 | L10: B - Staff new/in training | M10: Low | N10: None | O10: No | P10: Glucose 10% set up instead of 20%
B11: 44901 | C11: Zone 5 PN | D11: B - Made under Section 10 | E11: Paed Bag | F11: D - Parenteral Nutrition - paed | G11: C - Check in preparation area | H11: E - Assembly of starting materials | I11: E15 - Incorrect batch number for diluent vials recorded (Assembly) | J11: Op 95 | K11: Op 81 | L11: B - Staff new/in training | M11: Low | N11: None | O11: No | P11: Incorrect BN for Glucose 50% (training second checked by Op 84)
B12: 44902 | C12: Zone 5 PN | D12: B - Made under Section 10 | E12: Fat | F12: D - Parenteral Nutrition - paed | G12: C - Check in preparation area | H12: E - Assembly of starting materials | I12: E1 - Incorrect drug assembled (Assembly) | J12: Op 95 | K12: Op 31 | L12: B - Staff new/in training | M12: Low | N12: None | O12: No | P12: Vitlipid infant set up instead of adult
B13: 44903 | C13: Zone 5 PN | D13: B - Made under Section 10 | E13: Paed Bag | F13: D - Parenteral Nutrition - paed | G13: C - Check in preparation area | H13: E - Assembly of starting materials | I13: E3 - Incorrect quantity of drug vials assembled (Assembly) | J13: Op 52 | K13: Op 21 | L13: N - Distraction | M13: Low | N13: None | O13: No | P13: no potassium acetate set up
B14: 44904 | C14: Zone 5 PN | D14: B - Made under Section 10 | E14: Adult Bag | F14: C - Parenteral Nutrition - adult | G14: C - Check in preparation area | H14: E - Assembly of starting materials | I14: E13 - Incorrect batch number for drug vials recorded (Assembly) | J14: Op 88 | K14: Op 10 | L14: N - Distraction | M14: Low | N14: None | O14: No | P14: missing no. in BN for SMOF
B15: 44904 | C15: Zone 5 PN | D15: B - Made under Section 10 | E15: Paed Bag | F15: D - Parenteral Nutrition - paed | G15: C - Check in preparation area | H15: E - Assembly of starting materials | I15: E7 - Incorrect quantity/volume of diluent assembled (Assembly) | J15: Op 72 | K15: Op 18 | L15: B - Staff new/in training | M15: Low | N15: None | O15: No | P15: not enough WFI set up
B16: 44904 | C16: Zone 5 PN | D16: B - Made under Section 10 | E16: Paed Bag | F16: D - Parenteral Nutrition - paed | G16: C - Check in preparation area | H16: E - Assembly of starting materials | I16: E7 - Incorrect quantity/volume of diluent assembled (Assembly) | J16: Op 72 | K16: Op 18 | L16: N - Distraction | M16: Low | N16: None | O16: No | P16: not enough glucose set up
B17: 44904 | C17: Zone 5 PN | D17: B - Made under Section 10 | E17: Paed Bag | F17: D - Parenteral Nutrition - paed | G17: C - Check in preparation area | H17: E - Assembly of starting materials | I17: E3 - Incorrect quantity of drug vials assembled (Assembly) | J17: Op 72 | K17: Op 18 | L17: N - Distraction | M17: Low | N17: None | O17: No | P17: not enough peditrace set up
... B96: 44925 | C96: NCCC | D96: B - Made under Section 10 | E96: Vincristine | F96: A - Cytotoxic adult | G96: C - Check in preparation area | H96: C - Label generation errors | I96: C1 - Incorrect patient details (Label generation) | J96: Op 118 | K96: Op 120 | L96: N - Distraction | M96: Low | N96: None | O96: No | P96: Incorrect pt name on labels and worksheet

Sheet Staff Table
B4: Totals - Error Made/Detected By | D4: 44562 | E4: 44562 | F4: 44593 | G4: 44593 | H4: 44621 | I4: 44621 | J4: 44652 | K4: 44652 | L4: 44682 | M4: 44682 | N4: 44713 | O4: 44713 | P4: 44743 | Q4: 44743 | R4: 44774 | S4: 44774 | T4: 44805 | U4: 44805 | V4: 44835 | W4: 44835 | X4: 44866 | Y4: 44866 | Z4: 44896 | AA4: 44896
B5: Op. No. | C5: Name | D5: Made | E5: Detected | F5: Made2 | G5: Detected2 | H5: Made3 | I5: Detected3 | J5: Made4 | K5: Detected4 | L5: Made5 | M5: Detected5 | N5: Made6 | O5: Detected6 | P5: Made7 | Q5: Detected7 | R5: Made8 | S5: Detected8 | T5: Made9 | U5: Detected9 | V5: Made10 | W5: Detected10 | X5: Made11 | Y5: Detected11 | Z5: Made12 | AA5: Detected12
B6: OP 1 | C6: Yan Hunter Blair
B7: OP 2 | C7: Demi Banks | D7: 7 | F7: 35 | H7: 18 | J7: 9 | L7: 4 | N7: 3 | P7: 1
B8: OP 3 | C8: John Horncastle
B9: OP 4 | C9: Louise Horncastle | G9: 3 | I9: 2 | K9: 2 | Q9: 7 | S9: 1 | U9: 3
B10: OP 5 | C10: Laura Larrieu
B11: OP 6
B12: OP 7 | C12: Airvin Soria | Z12: 3
B13: OP 8 | C13: Bhupinder Singh
B14: OP 9 | C14: Jenny Cardenas Avila | E14: 2 | G14: 2 | I14: 10 | K14: 4 | M14: 10 | O14: 8 | Q14: 5 | S14: 4 | U14: 7 | W14: 3 | Y14: 3 | AA14: 12
B15: OP 10 | C15: Lisa Hunter Blair | E15: 12 | G15: 3 | I15: 1 | Q15: 9 | S15: 1 | U15: 1 | W15: 1 | AA15: 3
B16: OP 11 | C16: Neil Simpson | E16: 20 | G16: 24 | I16: 10 | K16: 11 | M16: 6 | O16: 5 | Q16: 11 | S16: 7 | U16: 13 | W16: 2 | Y16: 9 | AA16: 5
B17: OP 12 | C17: Trish Harrison | D17: 2 | E17: 14 | G17: 45 | H17: 1 | I17: 4 | K17: 20 | M17: 6 | O17: 21 | Q17: 2
B18: OP 13 | C18: Chris Middleton | E18: 10 | G18: 24 | I18: 16 | K18: 23 | M18: 22 | O18: 26 | Q18: 22 | S18: 54 | U18: 14 | W18: 28 | Y18: 18 | AA18: 13
B19: OP 14 | C19: Daniel Wilson | D19: 1 | H19: 2 | J19: 3 | L19: 1 | N19: 2 | P19: 4 | R19: 7 | T19: 10 | V19: 1 | X19: 11
B20: OP 15 | C20: Maria Drummond
B21: OP 16 | C21: Melanie Brown | D21: 3 | H21: 2
B22: OP 17 | C22: Sara Moyse
B23: OP 18 | C23: Nicola Scorfield | E23: 4 | G23: 1 | I23: 14 | K23: 3 | M23: 3 | O23: 3 | Q23: 5 | U23: 1 | W23: 1 | Y23: 3 | AA23: 3
B24: OP 19 | C24: Joyce Kirton | N24: 1 | P24: 2 | R24: 1
B25: OP 20 | C25: Graham Joyce
B26: OP 21 | C26: Lyndsey Perry | G26: 5 | H26: 2 | I26: 22 | J26: 1 | L26: 3 | M26: 2 | N26: 2 | O26: 1 | Q26: 3 | X26: 1 | Z26: 1 | AA26: 1
B27: OP 22 | C27: Barbara Armstrong | D27: 3 | F27: 9 | H27: 4 | J27: 4 | L27: 1 | N27: 7 | O27: 1 | P27: 4 | R27: 7 | T27: 8 | U27: 1 | V27: 4 | W27: 2 | X27: 12 | Z27: 4
B28: OP 23 | C28: Paul Murphy | D28: 2 | F28: 2 | H28: 1 | K28: 1 | L28: 2 | M28: 2 | N28: 1 | P28: 1 | Q28: 2 | R28: 1 | T28: 5 | U28: 1 | V28: 6 | W28: 2 | Y28: 1
B29: OP 24
B30: OP 25 | C30: Louise McKernan | D30: 3 | F30: 5 | H30: 6 | J30: 4
B31: OP 26 | C31: Ashley Teasdale
B32: OP 27 | C32: Josephine Dunn | E32: 21 | G32: 10 | I32: 13 | K32: 6 | M32: 19 | O32: 10 | Q32: 8 | S32: 7 | U32: 21 | W32: 37 | Y32: 29 | AA32: 13
B33: OP 28 | C33: Robin Falconer | H33: 1 | P33: 1 | Z33: 1
B34: OP 29 | C34: Lucy McNamara | E34: 16 | F34: 1 | G34: 3 | H34: 1 | I34: 5 | K34: 2 | M34: 3 | O34: 6 | P34: 1 | Q34: 8 | U34: 4 | W34: 2 | AA34: 2
B35: OP 30 | C35: Kayleigh Moore | F35: 2
B36: OP 31 | C36: Louise Angus | D36: 3 | E36: 3 | G36: 4 | I36: 1 | K36: 1 | O36: 4 | S36: 7 | U36: 18 | W36: 10 | Y36: 6 | AA36: 6
B37: OP 32
B38: OP 33 | C38: Andrew Emmett | D38: 1
B39: OP 34 | C39: Matthew Phillips | D39: 4 | F39: 5 | H39: 2 | L39: 3 | N39: 6 | P39: 2 | R39: 3
B40: OP 35 | C40: Ben Bishop | J40: 1 | L40: 1 | P40: 1 | X40: 1
B41: OP 36 | C41: David Martin | G41: 1 | I41: 1 | J41: 1 | K41: 2 | N41: 1 | Q41: 1 | R41: 3 | S41: 1 | V41: 2 | W41: 3 | X41: 1 | Y41: 2 | Z41: 1 | AA41: 1
B42: OP 37 | C42: Peter Castle | D42: 2 | H42: 2 | L42: 1 | N42: 1 | V42: 1
B43: OP 38 | C43: Eduarda Fernandes
B44: OP 39 | C44: Rebecca Cockburn | D44: 4 | F44: 2 | H44: 6 | J44: 2 | L44: 7 | M44: 1 | N44: 2 | P44: 1 | Q44: 1 | R44: 1 | T44: 6 | V44: 8 | X44: 6 | Z44: 8
B45: OP 40 | C45: George Punton
B46: OP 41 | C46: Laura Palmer
B47: OP 42 | C47: Jason Ann-Mooney | D47: 5 | F47: 2 | H47: 2 | J47: 1 | L47: 1 | T47: 5 | V47: 2 | X47: 2 | Z47: 1
B48: OP 43 | C48: Julie Curry | D48: 1 | E48: 17 | G48: 7 | O48: 1 | Q48: 3 | Y48: 3 | AA48: 8
B49: OP 44
B50: OP 45 | C50: Karen Kerton | K50: 2
B51: OP 46 | C51: Dane Hill | D51: 3 | F51: 4 | H51: 3 | J51: 4 | L51: 2 | N51: 1 | R51: 1 | T51: 5 | V51: 10 | X51: 11 | Z51: 3
B52: OP 47 | C52: Aaron Dickinson | F52: 2 | L52: 1 | N52: 1 | X52: 1 | Z52: 1
B53: OP 48 | C53: Lorraine Adams
B54: OP 49 | C54: David Hartley | F54: 2 | L54: 2 | N54: 1 | P54: 1 | R54: 1
B55: OP 50 | C55: Mark Todd
B56: OP 51 | C56: Janice Hood | D56: 1 | F56: 1 | H56: 1 | J56: 6 | L56: 1 | N56: 5 | P56: 3 | R56: 1 | T56: 3 | Z56: 4
B57: OP 52 | C57: Daniel Wicks | N57: 11 | R57: 3 | X57: 1 | Z57: 1
B58: OP 53 | C58: Craig Stephenson | F58: 6 | H58: 2 | J58: 2 | L58: 1 | N58: 2 | R58: 2 | T58: 1 | V58: 2
B59: OP 54 | C59: Kenneth Ornsby | F59: 2
B60: OP 55 | C60: Oscar Collins
B61: OP 56 | C61: Trina Lamacq | D61: 2 | F61: 1 | H61: 1
B62: OP 57 | C62: Jack Taylor | N62: 1
B63: OP 58 | C63: Ben Cowen
B64: OP 59 | C64: Catherine Oxley
B65: OP 60 | C65: Abdul-Ratim Nizam
B66: OP 61 | C66: Bill Addison | E66: 3 | G66: 4 | I66: 3 | K66: 10 | L66: 1 | M66: 8 | O66: 16 | Q66: 14 | S66: 4 | U66: 2 | W66: 5 | Y66: 8 | AA66: 4
B67: OP 62 | C67: Taryn Wastell | D67: 4 | P67: 3 | R67: 10 | T67: 2
B68: OP 63
B69: OP 64 | C69: Rebecca Moody
B70: OP 65 | C70: Adam Robertson
B71: OP 66 | C71: Jessica Buddin | D71: 3 | E71: 3 | G71: 6 | H71: 3 | I71: 5 | K71: 3 | P71: 1 | T71: 1 | U71: 12 | V71: 1 | W71: 1 | X71: 2 | Y71: 20 | Z71: 1
B72: OP 67 | C72: Marc Holbrow | D72: 8 | F72: 6 | H72: 5 | J72: 2 | N72: 3 | P72: 3 | R72: 2 | T72: 1 | V72: 6 | X72: 3 | Z72: 5
B73: OP 68 | C73: Nicole Thompson | D73: 21 | F73: 11 | H73: 6 | J73: 17 | L73: 5 | P73: 30 | R73: 7 | T73: 13 | V73: 9 | X73: 8 | Z73: 2
B74: OP 69 | C74: Shannon Kirkup | D74: 20 | F74: 38 | H74: 20 | J74: 12 | L74: 15 | N74: 29 | P74: 28 | R74: 21
B75: OP 70 | C75: Katy Hirst
B76: OP 71
B77: OP 72 | C77: Raees Yousaf | Z77: 11
B78: OP 73
B79: OP 74 | C79: Jacob Kitson
B80: OP 75 | C80: Neil Damo | D80: 1 | F80: 2 | J80: 2 | L80: 1 | N80: 1 | P80: 1 | T80: 1
B81: OP 76 | C81: Jessica Anderson | H81: 2 | J81: 8 | L81: 5 | N81: 1 | P81: 3 | R81: 1 | T81: 7 | V81: 4
B82: OP 77 | C82: Ross Graham | F82: 3 | H82: 5 | J82: 1 | L82: 2 | P82: 3 | T82: 2 | V82: 2 | X82: 9
B83: OP 78 | C83: Gary Westwood
B84: OP 79 | C84: Kim Cole | H84: 1
B85: OP 80 | C85: Ross Glennie | H85: 2 | J85: 1 | X85: 1
B86: OP 81 | C86: Kimberley Williams | D86: 3 | E86: 8 | G86: 10 | I86: 4 | K86: 1 | L86: 1 | N86: 2 | P86: 3 | Q86: 8 | R86: 1 | S86: 1 | U86: 2 | W86: 3 | X86: 1 | Y86: 5 | AA86: 1
B87: OP 82 | C87: Fessur Aziz | I87: 2 | S87: 10 | U87: 9 | W87: 1 | Y87: 3
B88: OP 83 | C88: Victor Georgiev | O88: 7 | Q88: 4 | S88: 8 | U88: 3 | W88: 4 | Y88: 4 | AA88: 2
B89: OP 84 | C89: Christopher Buddin | D89: 3 | F89: 2 | H89: 6 | J89: 3 | N89: 6 | P89: 1 | R89: 1 | T89: 1 | V89: 1 | X89: 1 | Z89: 1
B90: OP 85 | C90: Lee Newby | R90: 18 | T90: 35 | V90: 32 | X90: 18
B91: OP 86 | C91: Richard Oliver | H91: 1 | N91: 1 | T91: 1
B92: OP 87 | C92: Kelsey Richardson | D92: 1 | F92: 3 | N92: 1 | R92: 5 | T92: 8 | V92: 3 | X92: 5 | Z92: 9
B93: OP 88 | C93: Amy Oliver | D93: 3 | F93: 1 | H93: 4 | N93: 4 | P93: 2 | R93: 2 | T93: 2 | V93: 2 | X93: 3 | Z93: 4
B94: OP 89 | C94: Janice Jones | T94: 1
B95: OP 90 | C95: Maya Tomlinson
B96: OP 91 | C96: Johnathon Kendal
B97: OP 92 | C97: Jacob Lovett
B98: OP 93 | C98: Amy Packer
B99: OP 94 | C99: Michael Munro | L99: 1 | M99: 1 | P99: 1 | X99: 1
B100: OP 95 | C100: Pue-yee Kan | Z100: 6
B101: OP 96
B102: OP 97 | C102: Beth Bewick
B103: OP 98
...

Sheet Totals&Trending
B3: A - Inaccurate prescription/transcription verification
B4: B - Worksheet preparation error
B5: C - Label generation errors
B6: D - Labelling and packaging errors
B7: E - Assembly of starting materials
B8: F - Measurement error
B11: NCCC
B12: Error Type | C12: Jan-22 | D12: Feb-22 | E12: Mar-22 | F12: Apr-22 | G12: May-22 | H12: Jun-22 | I12: Jul-22 | J12: Aug-22 | K12: Sep-22 | L12: Oct-22 | M12: Nov-22 | N12: Dec-22 | O12: Total
B13: A | C13: =COUNTIFS(ErrLogAreaJan,"NCCC",ErrLogTypeJan,"A - *") -> 3 | D13: =COUNTIFS(ErrLogAreaFeb,"NCCC",ErrLogTypeFeb,"A - *") -> 2 | E13: =COUNTIFS(ErrLogAreaMar,"NCCC",ErrLogTypeMar,"A - *") -> 2 | F13: =COUNTIFS(ErrLogAreaApr,"NCCC",ErrLogTypeApr,"A - *") -> 4 | G13: =COUNTIFS(ErrLogAreaMay,"NCCC",ErrLogTypeMay,"A - *") -> 0 | H13: =COUNTIFS(ErrLogAreaJun,"NCCC",ErrLogTypeJun,"A - *") -> 0 | I13: =COUNTIFS(ErrLogAreaJul,"NCCC",ErrLogTypeJul,"A - *") -> 0 | J13: =COUNTIFS(ErrLogAreaAug,"NCCC",ErrLogTypeAug,"A - *") -> 0 | K13: =COUNTIFS(ErrLogAreaSep,"NCCC",ErrLogTypeSep,"A - *") -> 1 | L13: =COUNTIFS(ErrLogAreaOct,"NCCC",ErrLogTypeOct,"A - *") -> 0 | M13: =COUNTIFS(ErrLogAreaNov,"NCCC",ErrLogTypeNov,"A - *") -> 0 | N13: =COUNTIFS(ErrLogAreaDec,"NCCC",ErrLogTypeDec,"A - *") -> 1 | O13: =SUM(Table1420[[#This Row],[Jan-22]:[Dec-22]]) -> 13
B14: B | C14: =COUNTIFS(ErrLogAreaJan,"NCCC",ErrLogTypeJan,"B - *") -> 6 | D14: =COUNTIFS(ErrLogAreaFeb,"NCCC",ErrLogTypeFeb,"B - *") -> 14 | E14: =COUNTIFS(ErrLogAreaMar,"NCCC",ErrLogTypeMar,"B - *") -> 12 | F14: =COUNTIFS(ErrLogAreaApr,"NCCC",ErrLogTypeApr,"B - *") -> 12 | G14: =COUNTIFS(ErrLogAreaMay,"NCCC",ErrLogTypeMay,"B - *") -> 2 | H14: =COUNTIFS(ErrLogAreaJun,"NCCC",ErrLogTypeJun,"B - *") -> 4 | I14: =COUNTIFS(ErrLogAreaJul,"NCCC",ErrLogTypeJul,"B - *") -> 6 | J14: =COUNTIFS(ErrLogAreaAug,"NCCC",ErrLogTypeAug,"B - *") -> 5 | K14: =COUNTIFS(ErrLogAreaSep,"NCCC",ErrLogTypeSep,"B - *") -> 11 | L14: =COUNTIFS(ErrLogAreaOct,"NCCC",ErrLogTypeOct,"B - *") -> 4 | M14: =COUNTIFS(ErrLogAreaNov,"NCCC",ErrLogTypeNov,"B - *") -> 8 | N14: =COUNTIFS(ErrLogAreaDec,"NCCC",ErrLogTypeDec,"B - *") -> 9 | O14: =SUM(Table1420[[#This Row],[Jan-22]:[Dec-22]]) -> 93
B15: C | C15: =COUNTIFS(ErrLogAreaJan,"NCCC",ErrLogTypeJan,"C - *") -> 10 | D15: =COUNTIFS(ErrLogAreaFeb,"NCCC",ErrLogTypeFeb,"C - *") -> 10 | E15: =COUNTIFS(ErrLogAreaMar,"NCCC",ErrLogTypeMar,"C - *") -> 19 | F15: =COUNTIFS(ErrLogAreaApr,"NCCC",ErrLogTypeApr,"C - *") -> 8 | G15: =COUNTIFS(ErrLogAreaMay,"NCCC",ErrLogTypeMay,"C - *") -> 7 | H15: =COUNTIFS(ErrLogAreaJun,"NCCC",ErrLogTypeJun,"C - *") -> 9 | I15: =COUNTIFS(ErrLogAreaJul,"NCCC",ErrLogTypeJul,"C - *") -> 8 | J15: =COUNTIFS(ErrLogAreaAug,"NCCC",ErrLogTypeAug,"C - *") -> 11 | K15: =COUNTIFS(ErrLogAreaSep,"NCCC",ErrLogTypeSep,"C - *") -> 9 | L15: =COUNTIFS(ErrLogAreaOct,"NCCC",ErrLogTypeOct,"C - *") -> 8 | M15: =COUNTIFS(ErrLogAreaNov,"NCCC",ErrLogTypeNov,"C - *") -> 11 | N15: =COUNTIFS(ErrLogAreaDec,"NCCC",ErrLogTypeDec,"C - *") -> 14 | O15: =SUM(Table1420[[#This Row],[Jan-22]:[Dec-22]]) -> 124
B16: D | C16: =COUNTIFS(ErrLogAreaJan,"NCCC",ErrLogTypeJan,"D - *") -> 0 | D16: =COUNTIFS(ErrLogAreaFeb,"NCCC",ErrLogTypeFeb,"D - *") -> 0 | E16: =COUNTIFS(ErrLogAreaMar,"NCCC",ErrLogTypeMar,"D - *") -> 0 | F16: =COUNTIFS(ErrLogAreaApr,"NCCC",ErrLogTypeApr,"D - *") -> 0 | G16: =COUNTIFS(ErrLogAreaMay,"NCCC",ErrLogTypeMay,"D - *") -> 0 | H16: =COUNTIFS(ErrLogAreaJun,"NCCC",ErrLogTypeJun,"D - *") -> 0 | I16: =COUNTIFS(ErrLogAreaJul,"NCCC",ErrLogTypeJul,"D - *") -> 0 | J16: =COUNTIFS(ErrLogAreaAug,"NCCC",ErrLogTypeAug,"D - *") -> 0 | K16: =COUNTIFS(ErrLogAreaSep,"NCCC",ErrLogTypeSep,"D - *") -> 0 | L16: =COUNTIFS(ErrLogAreaOct,"NCCC",ErrLogTypeOct,"D - *") -> 0 | M16: =COUNTIFS(ErrLogAreaNov,"NCCC",ErrLogTypeNov,"D - *") -> 0 | N16: =COUNTIFS(ErrLogAreaDec,"NCCC",ErrLogTypeDec,"D - *") -> 0 | O16: =SUM(Table1420[[#This Row],[Jan-22]:[Dec-22]]) -> 0
B17: E | C17: =COUNTIFS(ErrLogAreaJan,"NCCC",ErrLogTypeJan,"E - *") -> 17 | D17: =COUNTIFS(ErrLogAreaFeb,"NCCC",ErrLogTypeFeb,"E - *") -> 10 | E17: =COUNTIFS(ErrLogAreaMar,"NCCC",ErrLogTypeMar,"E - *") -> 14 | F17: =COUNTIFS(ErrLogAreaApr,"NCCC",ErrLogTypeApr,"E - *") -> 9 | G17: =COUNTIFS(ErrLogAreaMay,"NCCC",ErrLogTypeMay,"E - *") -> 15 | H17: =COUNTIFS(ErrLogAreaJun,"NCCC",ErrLogTypeJun,"E - *") -> 10 | I17: =COUNTIFS(ErrLogAreaJul,"NCCC",ErrLogTypeJul,"E - *") -> 10 | J17: =COUNTIFS(ErrLogAreaAug,"NCCC",ErrLogTypeAug,"E - *") -> 10 | K17: =COUNTIFS(ErrLogAreaSep,"NCCC",ErrLogTypeSep,"E - *") -> 21 | L17: =COUNTIFS(ErrLogAreaOct,"NCCC",ErrLogTypeOct,"E - *") -> 15 | M17: =COUNTIFS(ErrLogAreaNov,"NCCC",ErrLogTypeNov,"E - *") -> 21 | N17: =COUNTIFS(ErrLogAreaDec,"NCCC",ErrLogTypeDec,"E - *") -> 9 | O17: =SUM(Table1420[[#This Row],[Jan-22]:[Dec-22]]) -> 161
B18: F | C18: =COUNTIFS(ErrLogAreaJan,"NCCC",ErrLogTypeJan,"F - *") -> 0 | D18: =COUNTIFS(ErrLogAreaFeb,"NCCC",ErrLogTypeFeb,"F - *") -> 0 | E18: =COUNTIFS(ErrLogAreaMar,"NCCC",ErrLogTypeMar,"F - *") -> 0 | F18: =COUNTIFS(ErrLogAreaApr,"NCCC",ErrLogTypeApr,"F - *") -> 0 | G18: =COUNTIFS(ErrLogAreaMay,"NCCC",ErrLogTypeMay,"F - *") -> 0 | H18: =COUNTIFS(ErrLogAreaJun,"NCCC",ErrLogTypeJun,"F - *") -> 0 | I18: =COUNTIFS(ErrLogAreaJul,"NCCC",ErrLogTypeJul,"F - *") -> 0 | J18: =COUNTIFS(ErrLogAreaAug,"NCCC",ErrLogTypeAug,"F - *") -> 0 | K18: =COUNTIFS(ErrLogAreaSep,"NCCC",ErrLogTypeSep,"F - *") -> 0 | L18: =COUNTIFS(ErrLogAreaOct,"NCCC",ErrLogTypeOct,"F - *") -> 0 | M18: =COUNTIFS(ErrLogAreaNov,"NCCC",ErrLogTypeNov,"F - *") -> 0 | N18: =COUNTIFS(ErrLogAreaDec,"NCCC",ErrLogTypeDec,"F - *") -> 0 | O18: =SUM(Table1420[[#This Row],[Jan-22]:[Dec-22]]) -> 0
C19: =SUM(Table1420[Jan-22]) -> 36 | D19: =SUM(Table1420[Feb-22]) -> 36 | E19: =SUM(Table1420[Mar-22]) -> 47 | F19: =SUM(Table1420[Apr-22]) -> 33 | G19: =SUM(Table1420[May-22]) -> 24 | H19: =SUM(Table1420[Jun-22]) -> 23 | I19: =SUM(Table1420[Jul-22]) -> 24 | J19: =SUM(Table1420[Aug-22]) -> 26 | K19: =SUM(Table1420[Sep-22]) -> 42 | L19: =SUM(Table1420[Oct-22]) -> 27 | M19: =SUM(Table1420[Nov-22]) -> 40 | N19: =SUM(Table1420[Dec-22]) -> 33 | O19: =SUM(Table1420[Total]) -> 391
B21: Zone 5 AD
B22: Error Type | C22: Jan-22 | D22: Feb-22 | E22: Mar-22 | F22: Apr-22 | G22: May-22 | H22: Jun-22 | I22: Jul-22 | J22: Aug-22 | K22: Sep-22 | L22: Oct-22 | M22: Nov-22 | N22: Dec-22 | O22: Total
B23: A | C23: =COUNTIFS(ErrLogAreaJan,"Zone 5 AD",ErrLogTypeJan,"A - *") -> 0 | D23: =COUNTIFS(ErrLogAreaFeb,"Zone 5 AD",ErrLogTypeFeb,"A - *") -> 0 | E23: =COUNTIFS(ErrLogAreaMar,"Zone 5 AD",ErrLogTypeMar,"A - *") -> 0 | F23: =COUNTIFS(ErrLogAreaApr,"Zone 5 AD",ErrLogTypeApr,"A - *") -> 0 | G23: =COUNTIFS(ErrLogAreaMay,"Zone 5 AD",ErrLogTypeMay,"A - *") -> 0 | H23: =COUNTIFS(ErrLogAreaJun,"Zone 5 AD",ErrLogTypeJun,"A - *") -> 0 | I23: =COUNTIFS(ErrLogAreaJul,"Zone 5 AD",ErrLogTypeJul,"A - *") -> 0 | J23: =COUNTIFS(ErrLogAreaAug,"Zone 5 AD",ErrLogTypeAug,"A - *") -> 0 | K23: =COUNTIFS(ErrLogAreaSep,"Zone 5 AD",ErrLogTypeSep,"A - *") -> 0 | L23: =COUNTIFS(ErrLogAreaOct,"Zone 5 AD",ErrLogTypeOct,"A - *") -> 1 | M23: =COUNTIFS(ErrLogAreaNov,"Zone 5 AD",ErrLogTypeNov,"A - *") -> 0 | N23: =COUNTIFS(ErrLogAreaDec,"Zone 5 AD",ErrLogTypeDec,"A - *") -> 0 | O23: =SUM(Table142048[[#This Row],[Jan-22]:[Dec-22]]) -> 1
B24: B | C24: =COUNTIFS(ErrLogAreaJan,"Zone 5 AD",ErrLogTypeJan,"B - *") -> 1 | D24: =COUNTIFS(ErrLogAreaFeb,"Zone 5 AD",ErrLogTypeFeb,"B - *") -> 4 | E24: =COUNTIFS(ErrLogAreaMar,"Zone 5 AD",ErrLogTypeMar,"B - *") -> 4 | F24: =COUNTIFS(ErrLogAreaApr,"Zone 5 AD",ErrLogTypeApr,"B - *") -> 1 | G24: =COUNTIFS(ErrLogAreaMay,"Zone 5 AD",ErrLogTypeMay,"B - *") -> 1 | H24: =COUNTIFS(ErrLogAreaJun,"Zone 5 AD",ErrLogTypeJun,"B - *") -> 2 | I24: =COUNTIFS(ErrLogAreaJul,"Zone 5 AD",ErrLogTypeJul,"B - *") -> 3 | J24: =COUNTIFS(ErrLogAreaAug,"Zone 5 AD",ErrLogTypeAug,"B - *") -> 4 | K24: =COUNTIFS(ErrLogAreaSep,"Zone 5 AD",ErrLogTypeSep,"B - *") -> 1 | L24: =COUNTIFS(ErrLogAreaOct,"Zone 5 AD",ErrLogTypeOct,"B - *") -> 1 | M24: =COUNTIFS(ErrLogAreaNov,"Zone 5 AD",ErrLogTypeNov,"B - *") -> 4 | N24: =COUNTIFS(ErrLogAreaDec,"Zone 5 AD",ErrLogTypeDec,"B - *") -> 2 | O24: =SUM(Table142048[[#This Row],[Jan-22]:[Dec-22]]) -> 28
B25: C | C25: =COUNTIFS(ErrLogAreaJan,"Zone 5 AD",ErrLogTypeJan,"C - *") -> 5 | D25: =COUNTIFS(ErrLogAreaFeb,"Zone 5 AD",ErrLogTypeFeb,"C - *") -> 5 | E25: =COUNTIFS(ErrLogAreaMar,"Zone 5 AD",ErrLogTypeMar,"C - *") -> 2 | F25: =COUNTIFS(ErrLogAreaApr,"Zone 5 AD",ErrLogTypeApr,"C - *") -> 3 | G25: =COUNTIFS(ErrLogAreaMay,"Zone 5 AD",ErrLogTypeMay,"C - *") -> 2 | H25: =COUNTIFS(ErrLogAreaJun,"Zone 5 AD",ErrLogTypeJun,"C - *") -> 5 | I25: =COUNTIFS(ErrLogAreaJul,"Zone 5 AD",ErrLogTypeJul,"C - *") -> 5 | J25: =COUNTIFS(ErrLogAreaAug,"Zone 5 AD",ErrLogTypeAug,"C - *") -> 8 | K25: =COUNTIFS(ErrLogAreaSep,"Zone 5 AD",ErrLogTypeSep,"C - *") -> 6 | L25: =COUNTIFS(ErrLogAreaOct,"Zone 5 AD",ErrLogTypeOct,"C - *") -> 4 | M25: =COUNTIFS(ErrLogAreaNov,"Zone 5 AD",ErrLogTypeNov,"C - *") -> 9 | N25: =COUNTIFS(ErrLogAreaDec,"Zone 5 AD",ErrLogTypeDec,"C - *") -> 2 | O25: =SUM(Table142048[[#This Row],[Jan-22]:[Dec-22]]) -> 56
B26: D | C26: =COUNTIFS(ErrLogAreaJan,"Zone 5 AD",ErrLogTypeJan,"D - *") -> 0 | D26: =COUNTIFS(ErrLogAreaFeb,"Zone 5 AD",ErrLogTypeFeb,"D - *") -> 0 | E26: =COUNTIFS(ErrLogAreaMar,"Zone 5 AD",ErrLogTypeMar,"D - *") -> 0 | F26: =COUNTIFS(ErrLogAreaApr,"Zone 5 AD",ErrLogTypeApr,"D - *") -> 0 | G26: =COUNTIFS(ErrLogAreaMay,"Zone 5 AD",ErrLogTypeMay,"D - *") -> 0 | H26: =COUNTIFS(ErrLogAreaJun,"Zone 5 AD",ErrLogTypeJun,"D - *") -> 0 | I26: =COUNTIFS(ErrLogAreaJul,"Zone 5 AD",ErrLogTypeJul,"D - *") -> 0 | J26: =COUNTIFS(ErrLogAreaAug,"Zone 5 AD",ErrLogTypeAug,"D - *") -> 0 | K26: =COUNTIFS(ErrLogAreaSep,"Zone 5 AD",ErrLogTypeSep,"D - *") -> 0 | L26: =COUNTIFS(ErrLogAreaOct,"Zone 5 AD",ErrLogTypeOct,"D - *") -> 0 | M26: =COUNTIFS(ErrLogAreaNov,"Zone 5 AD",ErrLogTypeNov,"D - *") -> 0 | N26: =COUNTIFS(ErrLogAreaDec,"Zone 5 AD",ErrLogTypeDec,"D - *") -> 0 | O26: =SUM(Table142048[[#This Row],[Jan-22]:[Dec-22]]) -> 0
B27: E | C27: =COUNTIFS(ErrLogAreaJan,"Zone 5 AD",ErrLogTypeJan,"E - *") -> 11 | D27: =COUNTIFS(ErrLogAreaFeb,"Zone 5 AD",ErrLogTypeFeb,"E - *") -> 2 | E27: =COUNTIFS(ErrLogAreaMar,"Zone 5 AD",ErrLogTypeMar,"E - *") -> 1 | F27: =COUNTIFS(ErrLogAreaApr,"Zone 5 AD",ErrLogTypeApr,"E - *") -> 7 | G27: =COUNTIFS(ErrLogAreaMay,"Zone 5 AD",ErrLogTypeMay,"E - *") -> 0 | H27: =COUNTIFS(ErrLogAreaJun,"Zone 5 AD",ErrLogTypeJun,"E - *") -> 2 | I27: =COUNTIFS(ErrLogAreaJul,"Zone 5 AD",ErrLogTypeJul,"E - *") -> 7 | J27: =COUNTIFS(ErrLogAreaAug,"Zone 5 AD",ErrLogTypeAug,"E - *") -> 4 | K27: =COUNTIFS(ErrLogAreaSep,"Zone 5 AD",ErrLogTypeSep,"E - *") -> 2 | L27: =COUNTIFS(ErrLogAreaOct,"Zone 5 AD",ErrLogTypeOct,"E - *") -> 4 | M27: =COUNTIFS(ErrLogAreaNov,"Zone 5 AD",ErrLogTypeNov,"E - *") -> 0 | N27: =COUNTIFS(ErrLogAreaDec,"Zone 5 AD",ErrLogTypeDec,"E - *") -> 4 | O27: =SUM(Table142048[[#This Row],[Jan-22]:[Dec-22]]) -> 44
B28: F | C28: =COUNTIFS(ErrLogAreaJan,"Zone 5 AD",ErrLogTypeJan,"F - *") -> 0 | D28: =COUNTIFS(ErrLogAreaFeb,"Zone 5 AD",ErrLogTypeFeb,"F - *") -> 0 | E28: =COUNTIFS(ErrLogAreaMar,"Zone 5 AD",ErrLogTypeMar,"F - *") -> 0 | F28: =COUNTIFS(ErrLogAreaApr,"Zone 5 AD",ErrLogTypeApr,"F - *") -> 0 | G28: =COUNTIFS(ErrLogAreaMay,"Zone 5 AD",ErrLogTypeMay,"F - *") -> 0 | H28: =COUNTIFS(ErrLogAreaJun,"Zone 5 AD",ErrLogTypeJun,"F - *") -> 0 | I28: =COUNTIFS(ErrLogAreaJul,"Zone 5 AD",ErrLogTypeJul,"F - *") -> 0 | J28: =COUNTIFS(ErrLogAreaAug,"Zone 5 AD",ErrLogTypeAug,"F - *") -> 0 | K28: =COUNTIFS(ErrLogAreaSep,"Zone 5 AD",ErrLogTypeSep,"F - *") -> 0 | L28: =COUNTIFS(ErrLogAreaOct,"Zone 5 AD",ErrLogTypeOct,"F - *") -> 0 | M28: =COUNTIFS(ErrLogAreaNov,"Zone 5 AD",ErrLogTypeNov,"F - *") -> 0 | N28: =COUNTIFS(ErrLogAreaDec,"Zone 5 AD",ErrLogTypeDec,"F - *") -> 0 | O28: =SUM(Table142048[[#This Row],[Jan-22]:[Dec-22]]) -> 0
C29: =SUM(Table142048[Jan-22]) -> 17 | D29: =SUM(Table142048[Feb-22]) -> 11 | E29: =SUM(Table142048[Mar-22]) -> 7 | F29: =SUM(Table142048[Apr-22]) -> 11 | G29: =SUM(Table142048[May-22]) -> 3 | H29: =SUM(Table142048[Jun-22]) -> 9 | I29: =SUM(Table142048[Jul-22]) -> 15 | J29: =SUM(Table142048[Aug-22]) -> 16 | K29: =SUM(Table142048[Sep-22]) -> 9 | L29: =SUM(Table142048[Oct-22]) -> 10 | M29: =SUM(Table142048[Nov-22]) -> 13 | N29: =SUM(Table142048[Dec-22]) -> 8 | O29: =SUM(Table142048[Total]) -> 129
B31: Zone 5 Cyt
B32: Error Type | C32: Jan-22 | D32: Feb-22 | E32: Mar-22 | F32: Apr-22 | G32: May-22 | H32: Jun-22 | I32: Jul-22 | J32: Aug-22 | K32: Sep-22 | L32: Oct-22 | M32: Nov-22 | N32: Dec-22 | O32: Total
B33: A | C33: =COUNTIFS(ErrLogAreaJan,"Zone 5 Cyt",ErrLogTypeJan,"A - *") -> 0 | D33: =COUNTIFS(ErrLogAreaFeb,"Zone 5 Cyt",ErrLogTypeFeb,"A - *") -> 0 | E33: =COUNTIFS(ErrLogAreaMar,"Zone 5 Cyt",ErrLogTypeMar,"A - *") -> 0 | F33: =COUNTIFS(ErrLogAreaApr,"Zone 5 Cyt",ErrLogTypeApr,"A - *") -> 0 | G33: =COUNTIFS(ErrLogAreaMay,"Zone 5 Cyt",ErrLogTypeMay,"A - *") -> 1 | H33: =COUNTIFS(ErrLogAreaJun,"Zone 5 Cyt",ErrLogTypeJun,"A - *") -> 1 | I33: =COUNTIFS(ErrLogAreaJul,"Zone 5 Cyt",ErrLogTypeJul,"A - *") -> 1 | J33: =COUNTIFS(ErrLogAreaAug,"Zone 5 Cyt",ErrLogTypeAug,"A - *") -> 0 | K33: =COUNTIFS(ErrLogAreaSep,"Zone 5 Cyt",ErrLogTypeSep,"A - *") -> 0 | L33: =COUNTIFS(ErrLogAreaOct,"Zone 5 Cyt",ErrLogTypeOct,"A - *") -> 0 | M33: =COUNTIFS(ErrLogAreaNov,"Zone 5 Cyt",ErrLogTypeNov,"A - *") -> 0 | N33: =COUNTIFS(ErrLogAreaDec,"Zone 5 Cyt",ErrLogTypeDec,"A - *") -> 0 | O33: =SUM(Table142050[[#This Row],[Jan-22]:[Dec-22]]) -> 3
B34: B | C34: =COUNTIFS(ErrLogAreaJan,"Zone 5 Cyt",ErrLogTypeJan,"B - *") -> 3 | D34: =COUNTIFS(ErrLogAreaFeb,"Zone 5 Cyt",ErrLogTypeFeb,"B - *") -> 5 | E34: =COUNTIFS(ErrLogAreaMar,"Zone 5 Cyt",ErrLogTypeMar,"B - *") -> 3 | F34: =COUNTIFS(ErrLogAreaApr,"Zone 5 Cyt",ErrLogTypeApr,"B - *") -> 2 | G34: =COUNTIFS(ErrLogAreaMay,"Zone 5 Cyt",ErrLogTypeMay,"B - *") -> 7 | H34: =COUNTIFS(ErrLogAreaJun,"Zone 5 Cyt",ErrLogTypeJun,"B - *") -> 3 | I34: =COUNTIFS(ErrLogAreaJul,"Zone 5 Cyt",ErrLogTypeJul,"B - *") -> 3 | J34: =COUNTIFS(ErrLogAreaAug,"Zone 5 Cyt",ErrLogTypeAug,"B - *") -> 3 | K34: =COUNTIFS(ErrLogAreaSep,"Zone 5 Cyt",ErrLogTypeSep,"B - *") -> 4 | L34: =COUNTIFS(ErrLogAreaOct,"Zone 5 Cyt",ErrLogTypeOct,"B - *") -> 1 | M34: =COUNTIFS(ErrLogAreaNov,"Zone 5 Cyt",ErrLogTypeNov,"B - *") -> 1 | N34: =COUNTIFS(ErrLogAreaDec,"Zone 5 Cyt",ErrLogTypeDec,"B - *") -> 3 | O34: =SUM(Table142050[[#This Row],[Jan-22]:[Dec-22]]) -> 38
B35: C | C35: =COUNTIFS(ErrLogAreaJan,"Zone 5 Cyt",ErrLogTypeJan,"C - *") -> 8 | D35: =COUNTIFS(ErrLogAreaFeb,"Zone 5 Cyt",ErrLogTypeFeb,"C - *") -> 2 | E35: =COUNTIFS(ErrLogAreaMar,"Zone 5 Cyt",ErrLogTypeMar,"C - *") -> 7 | F35: =COUNTIFS(ErrLogAreaApr,"Zone 5 Cyt",ErrLogTypeApr,"C - *") -> 1 | G35: =COUNTIFS(ErrLogAreaMay,"Zone 5 Cyt",ErrLogTypeMay,"C - *") -> 4 | H35: =COUNTIFS(ErrLogAreaJun,"Zone 5 Cyt",ErrLogTypeJun,"C - *") -> 1 | I35: =COUNTIFS(ErrLogAreaJul,"Zone 5 Cyt",ErrLogTypeJul,"C - *") -> 0 | J35: =COUNTIFS(ErrLogAreaAug,"Zone 5 Cyt",ErrLogTypeAug,"C - *") -> 1 | K35: =COUNTIFS(ErrLogAreaSep,"Zone 5 Cyt",ErrLogTypeSep,"C - *") -> 7 | L35: =COUNTIFS(ErrLogAreaOct,"Zone 5 Cyt",ErrLogTypeOct,"C - *") -> 4 | M35: =COUNTIFS(ErrLogAreaNov,"Zone 5 Cyt",ErrLogTypeNov,"C - *") -> 2 | N35: =COUNTIFS(ErrLogAreaDec,"Zone 5 Cyt",ErrLogTypeDec,"C - *") -> 1 | O35: =SUM(Table142050[[#This Row],[Jan-22]:[Dec-22]]) -> 38
B36: D | C36: =COUNTIFS(ErrLogAreaJan,"Zone 5 Cyt",ErrLogTypeJan,"D - *") -> 0 | D36: =COUNTIFS(ErrLogAreaFeb,"Zone 5 Cyt",ErrLogTypeFeb,"D - *") -> 0 | E36: =COUNTIFS(ErrLogAreaMar,"Zone 5 Cyt",ErrLogTypeMar,"D - *") -> 0 | F36: =COUNTIFS(ErrLogAreaApr,"Zone 5 Cyt",ErrLogTypeApr,"D - *") -> 0 | G36: =COUNTIFS(ErrLogAreaMay,"Zone 5 Cyt",ErrLogTypeMay,"D - *") -> 0 | H36: =COUNTIFS(ErrLogAreaJun,"Zone 5 Cyt",ErrLogTypeJun,"D - *") -> 0 | I36: =COUNTIFS(ErrLogAreaJul,"Zone 5 Cyt",ErrLogTypeJul,"D - *") -> 0 | J36: =COUNTIFS(ErrLogAreaAug,"Zone 5 Cyt",ErrLogTypeAug,"D - *") -> 0 | K36: =COUNTIFS(ErrLogAreaSep,"Zone 5 Cyt",ErrLogTypeSep,"D - *") -> 0 | L36: =COUNTIFS(ErrLogAreaOct,"Zone 5 Cyt",ErrLogTypeOct,"D - *") -> 0 | M36: =COUNTIFS(ErrLogAreaNov,"Zone 5 Cyt",ErrLogTypeNov,"D - *") -> 0 | N36: =COUNTIFS(ErrLogAreaDec,"Zone 5 Cyt",ErrLogTypeDec,"D - *") -> 0 | O36: =SUM(Table142050[[#This Row],[Jan-22]:[Dec-22]]) -> 0
B37: E | C37: =COUNTIFS(ErrLogAreaJan,"Zone 5 Cyt",ErrLogTypeJan,"E - *") -> 1 | D37: =COUNTIFS(ErrLogAreaFeb,"Zone 5 Cyt",ErrLogTypeFeb,"E - *") -> 5 | E37: =COUNTIFS(ErrLogAreaMar,"Zone 5 Cyt",ErrLogTypeMar,"E - *") -> 2 | F37: =COUNTIFS(ErrLogAreaApr,"Zone 5 Cyt",ErrLogTypeApr,"E - *") -> 7 | G37: =COUNTIFS(ErrLogAreaMay,"Zone 5 Cyt",ErrLogTypeMay,"E - *") -> 5 | H37: =COUNTIFS(ErrLogAreaJun,"Zone 5 Cyt",ErrLogTypeJun,"E - *") -> 7 | I37: =COUNTIFS(ErrLogAreaJul,"Zone 5 Cyt",ErrLogTypeJul,"E - *") -> 9 | J37: =COUNTIFS(ErrLogAreaAug,"Zone 5 Cyt",ErrLogTypeAug,"E - *") -> 5 | K37: =COUNTIFS(ErrLogAreaSep,"Zone 5 Cyt",ErrLogTypeSep,"E - *") -> 5 | L37: =COUNTIFS(ErrLogAreaOct,"Zone 5 Cyt",ErrLogTypeOct,"E - *") -> 5 | M37: =COUNTIFS(ErrLogAreaNov,"Zone 5 Cyt",ErrLogTypeNov,"E - *") -> 3 | N37: =COUNTIFS(ErrLogAreaDec,"Zone 5 Cyt",ErrLogTypeDec,"E - *") -> 4 | O37: =SUM(Table142050[[#This Row],[Jan-22]:[Dec-22]]) -> 58
B38: F | C38: =COUNTIFS(ErrLogAreaJan,"Zone 5 Cyt",ErrLogTypeJan,"F - *") -> 0 | D38: =COUNTIFS(ErrLogAreaFeb,"Zone 5 Cyt",ErrLogTypeFeb,"F - *") -> 0 | E38: =COUNTIFS(ErrLogAreaMar,"Zone 5 Cyt",ErrLogTypeMar,"F - *") -> 0 | F38: =COUNTIFS(ErrLogAreaApr,"Zone 5 Cyt",ErrLogTypeApr,"F - *") -> 0 | G38: =COUNTIFS(ErrLogAreaMay,"Zone 5 Cyt",ErrLogTypeMay,"F - *") -> 0 | H38: =COUNTIFS(ErrLogAreaJun,"Zone 5 Cyt",ErrLogTypeJun,"F - *") -> 0 | I38: =COUNTIFS(ErrLogAreaJul,"Zone 5 Cyt",ErrLogTypeJul,"F - *") -> 0 | J38: =COUNTIFS(ErrLogAreaAug,"Zone 5 Cyt",ErrLogTypeAug,"F - *") -> 0 | K38: =COUNTIFS(ErrLogAreaSep,"Zone 5 Cyt",ErrLogTypeSep,"F - *") -> 0 | L38: =COUNTIFS(ErrLogAreaOct,"Zone 5 Cyt",ErrLogTypeOct,"F - *") -> 0 | M38: =COUNTIFS(ErrLogAreaNov,"Zone 5 Cyt",ErrLogTypeNov,"F - *") -> 0 | N38: =COUNTIFS(ErrLogAreaDec,"Zone 5 Cyt",ErrLogTypeDec,"F - *") -> 0 | O38: =SUM(Table142050[[#This Row],[Jan-22]:[Dec-22]]) -> 0
C39: =SUM(Table142050[Jan-22]) -> 12 | D39: =SUM(Table142050[Feb-22]) -> 12 | E39: =SUM(Table142050[Mar-22]) -> 12 | F39: =SUM(Table142050[Apr-22]) -> 10 | G39: =SUM(Table142050[May-22]) -> 17 | H39: =SUM(Table142050[Jun-22]) -> 12 | I39: =SUM(Table142050[Jul-22]) -> 13 | J39: =SUM(Table142050[Aug-22]) -> 9 | K39: =SUM(Table142050[Sep-22]) -> 16 | L39: =SUM(Table142050[Oct-22]) -> 10 | M39: =SUM(Table142050[Nov-22]) -> 6 | N39: =SUM(Table142050[Dec-22]) -> 8 | O39: =SUM(Table142050[Total]) -> 137
B41: Zone 5 PN
B42: Error Type | C42: Jan-22 | D42: Feb-22 | E42: Mar-22 | F42: Apr-22 | G42: May-22 | H42: Jun-22 | I42: Jul-22 | J42: Aug-22 | K42: Sep-22 | L42: Oct-22 | M42: Nov-22 | N42: Dec-22 | O42: Total
B43: A | C43: =COUNTIFS(ErrLogAreaJan,"Zone 5 PN",ErrLogTypeJan,"A - *") -> 0 | D43: =COUNTIFS(ErrLogAreaFeb,"Zone 5 PN",ErrLogTypeFeb,"A - *") -> 0 | E43: =COUNTIFS(ErrLogAreaMar,"Zone 5 PN",ErrLogTypeMar,"A - *") -> 0 | F43: =COUNTIFS(ErrLogAreaApr,"Zone 5 PN",ErrLogTypeApr,"A - *") -> 0 | G43: =COUNTIFS(ErrLogAreaMay,"Zone 5 PN",ErrLogTypeMay,"A - *") -> 0 | H43: =COUNTIFS(ErrLogAreaJun,"Zone 5 PN",ErrLogTypeJun,"A - *") -> 0 | I43: =COUNTIFS(ErrLogAreaJul,"Zone 5 PN",ErrLogTypeJul,"A - *") -> 0 | J43: =COUNTIFS(ErrLogAreaAug,"Zone 5 PN",ErrLogTypeAug,"A - *") -> 0 | K43: =COUNTIFS(ErrLogAreaSep,"Zone 5 PN",ErrLogTypeSep,"A - *") -> 0 | L43: =COUNTIFS(ErrLogAreaOct,"Zone 5 PN",ErrLogTypeOct,"A - *") -> 0 | M43: =COUNTIFS(ErrLogAreaNov,"Zone 5 PN",ErrLogTypeNov,"A - *") -> 0 | N43: =COUNTIFS(ErrLogAreaDec,"Zone 5 PN",ErrLogTypeDec,"A - *") -> 0 | O43: =SUM(Table142051[[#This Row],[Jan-22]:[Dec-22]]) -> 0
B44: B | C44: =COUNTIFS(ErrLogAreaJan,"Zone 5 PN",ErrLogTypeJan,"B - *") -> 0 | D44: =COUNTIFS(ErrLogAreaFeb,"Zone 5 PN",ErrLogTypeFeb,"B - *") -> 0 | E44: =COUNTIFS(ErrLogAreaMar,"Zone 5 PN",ErrLogTypeMar,"B - *") -> 1 | F44: =COUNTIFS(ErrLogAreaApr,"Zone 5 PN",ErrLogTypeApr,"B - *") -> 0 | G44: =COUNTIFS(ErrLogAreaMay,"Zone 5 PN",ErrLogTypeMay,"B - *") -> 0 | H44: =COUNTIFS(ErrLogAreaJun,"Zone 5 PN",ErrLogTypeJun,"B - *") -> 0 | I44: =COUNTIFS(ErrLogAreaJul,"Zone 5 PN",ErrLogTypeJul,"B - *") -> 1 | J44: =COUNTIFS(ErrLogAreaAug,"Zone 5 PN",ErrLogTypeAug,"B - *") -> 0 | K44: =COUNTIFS(ErrLogAreaSep,"Zone 5 PN",ErrLogTypeSep,"B - *") -> 0 | L44: =COUNTIFS(ErrLogAreaOct,"Zone 5 PN",ErrLogTypeOct,"B - *") -> 0 | M44: =COUNTIFS(ErrLogAreaNov,"Zone 5 PN",ErrLogTypeNov,"B - *") -> 0 | N44: =COUNTIFS(ErrLogAreaDec,"Zone 5 PN",ErrLogTypeDec,"B - *") -> 0 | O44: =SUM(Table142051[[#This Row],[Jan-22]:[Dec-22]]) -> 2
B45: C | C45: =COUNTIFS(ErrLogAreaJan,"Zone 5 PN",ErrLogTypeJan,"C - *") -> 0 | D45: =COUNTIFS(ErrLogAreaFeb,"Zone 5 PN",ErrLogTypeFeb,"C - *") -> 0 | E45: =COUNTIFS(ErrLogAreaMar,"Zone 5 PN",ErrLogTypeMar,"C - *") -> 0 | F45: =COUNTIFS(ErrLogAreaApr,"Zone 5 PN",ErrLogTypeApr,"C - *") -> 0 | G45: =COUNTIFS(ErrLogAreaMay,"Zone 5 PN",ErrLogTypeMay,"C - *") -> 0 | H45: =COUNTIFS(ErrLogAreaJun,"Zone 5 PN",ErrLogTypeJun,"C - *") -> 0 | I45: =COUNTIFS(ErrLogAreaJul,"Zone 5 PN",ErrLogTypeJul,"C - *") -> 0 | J45: =COUNTIFS(ErrLogAreaAug,"Zone 5 PN",ErrLogTypeAug,"C - *") -> 1 | K45: =COUNTIFS(ErrLogAreaSep,"Zone 5 PN",ErrLogTypeSep,"C - *") -> 0 | L45: =COUNTIFS(ErrLogAreaOct,"Zone 5 PN",ErrLogTypeOct,"C - *") -> 0 | M45: =COUNTIFS(ErrLogAreaNov,"Zone 5 PN",ErrLogTypeNov,"C - *") -> 0 | N45: =COUNTIFS(ErrLogAreaDec,"Zone 5 PN",ErrLogTypeDec,"C - *") -> 0 | O45: =SUM(Table142051[[#This Row],[Jan-22]:[Dec-22]]) -> 1
B46: D | C46: =COUNTIFS(ErrLogAreaJan,"Zone 5 PN",ErrLogTypeJan,"D - *") -> 0 | D46: =COUNTIFS(ErrLogAreaFeb,"Zone 5 PN",ErrLogTypeFeb,"D - *") -> 0 | E46: =COUNTIFS(ErrLogAreaMar,"Zone 5 PN",ErrLogTypeMar,"D - *") -> 0 | F46: =COUNTIFS(ErrLogAreaApr,"Zone 5 PN",ErrLogTypeApr,"D - *") -> 0 | G46: =COUNTIFS(ErrLogAreaMay,"Zone 5 PN",ErrLogTypeMay,"D - *") -> 0 | H46: =COUNTIFS(ErrLogAreaJun,"Zone 5 PN",ErrLogTypeJun,"D - *") -> 0 | I46: =COUNTIFS(ErrLogAreaJul,"Zone 5 PN",ErrLogTypeJul,"D - *") -> 0 | J46: =COUNTIFS(ErrLogAreaAug,"Zone 5 PN",ErrLogTypeAug,"D - *") -> 0 | K46: =COUNTIFS(ErrLogAreaSep,"Zone 5 PN",ErrLogTypeSep,"D - *") -> 0 | L46: =COUNTIFS(ErrLogAreaOct,"Zone 5 PN",ErrLogTypeOct,"D - *") -> 0 | M46: =COUNTIFS(ErrLogAreaNov,"Zone 5 PN",ErrLogTypeNov,"D - *") -> 0 | N46: =COUNTIFS(ErrLogAreaDec,"Zone 5 PN",ErrLogTypeDec,"D - *") -> 0 | O46: =SUM(Table142051[[#This Row],[Jan-22]:[Dec-22]]) -> 0
B47: E | C47: =COUNTIFS(ErrLogAreaJan,"Zone 5 PN",ErrLogTypeJan,"E - *") -> 76 | D47: =COUNTIFS(ErrLogAreaFeb,"Zone 5 PN",ErrLogTypeFeb,"E - *") -> 104 | E47: =COUNTIFS(ErrLogAreaMar,"Zone 5 PN",ErrLogTypeMar,"E - *") -> 65 | F47: =COUNTIFS(ErrLogAreaApr,"Zone 5 PN",ErrLogTypeApr,"E - *") -> 50 | G47: =COUNTIFS(ErrLogAreaMay,"Zone 5 PN",ErrLogTypeMay,"E - *") -> 48 | H47: =COUNTIFS(ErrLogAreaJun,"Zone 5 PN",ErrLogTypeJun,"E - *") -> 71 | I47: =COUNTIFS(ErrLogAreaJul,"Zone 5 PN",ErrLogTypeJul,"E - *") -> 71 | J47: =COUNTIFS(ErrLogAreaAug,"Zone 5 PN",ErrLogTypeAug,"E - *") -> 67 | K47: =COUNTIFS(ErrLogAreaSep,"Zone 5 PN",ErrLogTypeSep,"E - *") -> 68 | L47: =COUNTIFS(ErrLogAreaOct,"Zone 5 PN",ErrLogTypeOct,"E - *") -> 69 | M47: =COUNTIFS(ErrLogAreaNov,"Zone 5 PN",ErrLogTypeNov,"E - *") -> 65 | N47: =COUNTIFS(ErrLogAreaDec,"Zone 5 PN",ErrLogTypeDec,"E - *") -> 41 | O47: =SUM(Table142051[[#This Row],[Jan-22]:[Dec-22]]) -> 795
B48: F | C48: =COUNTIFS(ErrLogAreaJan,"Zone 5 PN",ErrLogTypeJan,"F - *") -> 0 | D48: =COUNTIFS(ErrLogAreaFeb,"Zone 5 PN",ErrLogTypeFeb,"F - *") -> 0 | E48: =COUNTIFS(ErrLogAreaMar,"Zone 5 PN",ErrLogTypeMar,"F - *") -> 0 | F48: =COUNTIFS(ErrLogAreaApr,"Zone 5 PN",ErrLogTypeApr,"F - *") -> 0 | G48: =COUNTIFS(ErrLogAreaMay,"Zone 5 PN",ErrLogTypeMay,"F - *") -> 0 | H48: =COUNTIFS(ErrLogAreaJun,"Zone 5 PN",ErrLogTypeJun,"F - *") -> 0 | I48: =COUNTIFS(ErrLogAreaJul,"Zone 5 PN",ErrLogTypeJul,"F - *") -> 0 | J48: =COUNTIFS(ErrLogAreaAug,"Zone 5 PN",ErrLogTypeAug,"F - *") -> 0 | K48: =COUNTIFS(ErrLogAreaSep,"Zone 5 PN",ErrLogTypeSep,"F - *") -> 0 | L48: =COUNTIFS(ErrLogAreaOct,"Zone 5 PN",ErrLogTypeOct,"F - *") -> 0 | M48: =COUNTIFS(ErrLogAreaNov,"Zone 5 PN",ErrLogTypeNov,"F - *") -> 0 | N48: =COUNTIFS(ErrLogAreaDec,"Zone 5 PN",ErrLogTypeDec,"F - *") -> 0 | O48: =SUM(Table142051[[#This Row],[Jan-22]:[Dec-22]]) -> 0
C49: =SUM(Table142051[Jan-22]) -> 76 | D49: =SUM(Table142051[Feb-22]) -> 104 | E49: =SUM(Table142051[Mar-22]) -> 66 | F49: =SUM(Table142051[Apr-22]) -> 50 | G49: =SUM(Table142051[May-22]) -> 48 | H49: =SUM(Table142051[Jun-22]) -> 71 | I49: =SUM(Table142051[Jul-22]) -> 72 | J49: =SUM(Table142051[Aug-22]) -> 68 | K49: =SUM(Table142051[Sep-22]) -> 68 | L49: =SUM(Table142051[Oct-22]) -> 69 | M49: =SUM(Table142051[Nov-22]) -> 65 | N49: =SUM(Table142051[Dec-22]) -> 41 | O49: =SUM(Table142051[Total]) -> 798
B51: Zone 3
B52: Error Type | C52: Jan-22 | D52: Feb-22 | E52: Mar-22 | F52: Apr-22 | G52: May-22 | H52: Jun-22 | I52: Jul-22 | J52: Aug-22 | K52: Sep-22 | L52: Oct-22 | M52: Nov-22 | N52: Dec-22 | O52: Total
B53: A | C53: =COUNTIFS(ErrLogAreaJan,"Zone 3",ErrLogTypeJan,"A - *") -> 0 | D53: =COUNTIFS(ErrLogAreaFeb,"Zone 3",ErrLogTypeFeb,"A - *") -> 0 | E53: =COUNTIFS(ErrLogAreaMar,"Zone 3",ErrLogTypeMar,"A - *") -> 0 | F53: =COUNTIFS(ErrLogAreaApr,"Zone 3",ErrLogTypeApr,"A - *") -> 0 | G53: =COUNTIFS(ErrLogAreaMay,"Zone 3",ErrLogTypeMay,"A - *") -> 0 | H53: =COUNTIFS(ErrLogAreaJun,"Zone 3",ErrLogTypeJun,"A - *") -> 0 | I53: =COUNTIFS(ErrLogAreaJul,"Zone 3",ErrLogTypeJul,"A - *") -> 0 | J53: =COUNTIFS(ErrLogAreaAug,"Zone 3",ErrLogTypeAug,"A - *") -> 0 | K53: =COUNTIFS(ErrLogAreaSep,"Zone 3",ErrLogTypeSep,"A - *") -> 0 | L53: =COUNTIFS(ErrLogAreaOct,"Zone 3",ErrLogTypeOct,"A - *") -> 0 | M53: =COUNTIFS(ErrLogAreaNov,"Zone 3",ErrLogTypeNov,"A - *") -> 0 | N53: =COUNTIFS(ErrLogAreaDec,"Zone 3",ErrLogTypeDec,"A - *") -> 0 | O53: =SUM(Table142052[[#This Row],[Jan-22]:[Dec-22]]) -> 0
B54: B | C54: =COUNTIFS(ErrLogAreaJan,"Zone 3",ErrLogTypeJan,"B - *") -> 0 | D54: =COUNTIFS(ErrLogAreaFeb,"Zone 3",ErrLogTypeFeb,"B - *") -> 1 | E54: =COUNTIFS(ErrLogAreaMar,"Zone 3",ErrLogTypeMar,"B - *") -> 1 | F54: =COUNTIFS(ErrLogAreaApr,"Zone 3",ErrLogTypeApr,"B - *") -> 0 | G54: =COUNTIFS(ErrLogAreaMay,"Zone 3",ErrLogTypeMay,"B - *") -> 0 | H54: =COUNTIFS(ErrLogAreaJun,"Zone 3",ErrLogTypeJun,"B - *") -> 0 | I54: =COUNTIFS(ErrLogAreaJul,"Zone 3",ErrLogTypeJul,"B - *") -> 0 | J54: =COUNTIFS(ErrLogAreaAug,"Zone 3",ErrLogTypeAug,"B - *") -> 0 | K54: =COUNTIFS(ErrLogAreaSep,"Zone 3",ErrLogTypeSep,"B - *") -> 0 | L54: =COUNTIFS(ErrLogAreaOct,"Zone 3",ErrLogTypeOct,"B - *") -> 0 | M54: =COUNTIFS(ErrLogAreaNov,"Zone 3",ErrLogTypeNov,"B - *") -> 0 | N54: =COUNTIFS(ErrLogAreaDec,"Zone 3",ErrLogTypeDec,"B - *") -> 0 | O54: =SUM(Table142052[[#This Row],[Jan-22]:[Dec-22]]) -> 2
B55: C | C55: =COUNTIFS(ErrLogAreaJan,"Zone 3",ErrLogTypeJan,"C - *") -> 0 | D55: =COUNTIFS(ErrLogAreaFeb,"Zone 3",ErrLogTypeFeb,"C - *") -> 0 | E55: =COUNTIFS(ErrLogAreaMar,"Zone 3",ErrLogTypeMar,"C - *") -> 0 | F55: =COUNTIFS(ErrLogAreaApr,"Zone 3",ErrLogTypeApr,"C - *") -> 0 | G55: =COUNTIFS(ErrLogAreaMay,"Zone 3",ErrLogTypeMay,"C - *") -> 0 | H55: =COUNTIFS(ErrLogAreaJun,"Zone 3",ErrLogTypeJun,"C - *") -> 0 | I55: =COUNTIFS(ErrLogAreaJul,"Zone 3",ErrLogTypeJul,"C - *") -> 0 | J55: =COUNTIFS(ErrLogAreaAug,"Zone 3",ErrLogTypeAug,"C - *") -> 0 | K55: =COUNTIFS(ErrLogAreaSep,"Zone 3",ErrLogTypeSep,"C - *") -> 0 | L55: =COUNTIFS(ErrLogAreaOct,"Zone 3",ErrLogTypeOct,"C - *") -> 0 | M55: =COUNTIFS(ErrLogAreaNov,"Zone 3",ErrLogTypeNov,"C - *") -> 0 | N55: =COUNTIFS(ErrLogAreaDec,"Zone 3",ErrLogTypeDec,"C - *") -> 0 | O55: =SUM(Table142052[[#This Row],[Jan-22]:[Dec-22]]) -> 0
B56: D | C56: =COUNTIFS(ErrLogAreaJan,"Zone 3",ErrLogTypeJan,"D - *") -> 0 | D56: =COUNTIFS(ErrLogAreaFeb,"Zone 3",ErrLogTypeFeb,"D - *") -> 0 | E56: =COUNTIFS(ErrLogAreaMar,"Zone 3",ErrLogTypeMar,"D - *") -> 0 | F56: =COUNTIFS(ErrLogAreaApr,"Zone 3",ErrLogTypeApr,"D - *") -> 0 | G56: =COUNTIFS(ErrLogAreaMay,"Zone 3",ErrLogTypeMay,"D - *") -> 0 | H56: =COUNTIFS(ErrLogAreaJun,"Zone 3",ErrLogTypeJun,"D - *") -> 0 | I56: =COUNTIFS(ErrLogAreaJul,"Zone 3",ErrLogTypeJul,"D - *") -> 0 | J56: =COUNTIFS(ErrLogAreaAug,"Zone 3",ErrLogTypeAug,"D - *") -> 0 | K56: =COUNTIFS(ErrLogAreaSep,"Zone 3",ErrLogTypeSep,"D - *") -> 0 | L56: =COUNTIFS(ErrLogAreaOct,"Zone 3",ErrLogTypeOct,"D - *") -> 0 | M56: =COUNTIFS(ErrLogAreaNov,"Zone 3",ErrLogTypeNov,"D - *") -> 0 | N56: =COUNTIFS(ErrLogAreaDec,"Zone 3",ErrLogTypeDec,"D - *") -> 0 | O56: =SUM(Table142052[[#This Row],[Jan-22]:[Dec-22]]) -> 0
B57: E | C57: =COUNTIFS(ErrLogAreaJan,"Zone 3",ErrLogTypeJan,"E - *") -> 0 | D57: =COUNTIFS(ErrLogAreaFeb,"Zone 3",ErrLogTypeFeb,"E - *") -> 1 | E57: =COUNTIFS(ErrLogAreaMar,"Zone 3",ErrLogTypeMar,"E - *") -> 0 | F57: =COUNTIFS(ErrLogAreaApr,"Zone 3",ErrLogTypeApr,"E - *") -> 0 | G57: =COUNTIFS(ErrLogAreaMay,"Zone 3",ErrLogTypeMay,"E - *") -> 0 | H57: =COUNTIFS(ErrLogAreaJun,"Zone 3",ErrLogTypeJun,"E - *") -> 0 | I57: =COUNTIFS(ErrLogAreaJul,"Zone 3",ErrLogTypeJul,"E - *") -> 0 | J57: =COUNTIFS(ErrLogAreaAug,"Zone 3",ErrLogTypeAug,"E - *") -> 0 | K57: =COUNTIFS(ErrLogAreaSep,"Zone 3",ErrLogTypeSep,"E - *") -> 1 | L57: =COUNTIFS(ErrLogAreaOct,"Zone 3",ErrLogTypeOct,"E - *") -> 0 | M57: =COUNTIFS(ErrLogAreaNov,"Zone 3",ErrLogTypeNov,"E - *") -> 0 | N57: =COUNTIFS(ErrLogAreaDec,"Zone 3",ErrLogTypeDec,"E - *") -> 0 | O57: =SUM(Table142052[[#This Row],[Jan-22]:[Dec-22]]) -> 2
B58: F | C58: =COUNTIFS(ErrLogAreaJan,"Zone 3",ErrLogTypeJan,"F - *") -> 0 | D58: =COUNTIFS(ErrLogAreaFeb,"Zone 3",ErrLogTypeFeb,"F - *") -> 0 | E58: =COUNTIFS(ErrLogAreaMar,"Zone 3",ErrLogTypeMar,"F - *") -> 0 | F58: =COUNTIFS(ErrLogAreaApr,"Zone 3",ErrLogTypeApr,"F - *") -> 0 | G58: =COUNTIFS(ErrLogAreaMay,"Zone 3",ErrLogTypeMay,"F - *") -> 0 | H58: =COUNTIFS(ErrLogAreaJun,"Zone 3",ErrLogTypeJun,"F - *") -> 0 | I58: =COUNTIFS(ErrLogAreaJul,"Zone 3",ErrLogTypeJul,"F - *") -> 0 | J58: =COUNTIFS(ErrLogAreaAug,"Zone 3",ErrLogTypeAug,"F - *") -> 0 | K58: =COUNTIFS(ErrLogAreaSep,"Zone 3",ErrLogTypeSep,"F - *") -> 0 | L58: =COUNTIFS(ErrLogAreaOct,"Zone 3",ErrLogTypeOct,"F - *") -> 0 | M58: =COUNTIFS(ErrLogAreaNov,"Zone 3",ErrLogTypeNov,"F - *") -> 0 | N58: =COUNTIFS(ErrLogAreaDec,"Zone 3",ErrLogTypeDec,"F - *") -> 0 | O58: =SUM(Table142052[[#This Row],[Jan-22]:[Dec-22]]) -> 0
C59: =SUM(Table142052[Jan-22]) -> 0 | D59: =SUM(Table142052[Feb-22]) -> 2 | E59: =SUM(Table142052[Mar-22]) -> 1 | F59: =SUM(Table142052[Apr-22]) -> 0 | G59: =SUM(Table142052[May-22]) -> 0 | H59: =SUM(Table142052[Jun-22]) -> 0 | I59: =SUM(Table142052[Jul-22]) -> 0 | J59: =SUM(Table142052[Aug-22]) -> 0 | K59: =SUM(Table142052[Sep-22]) -> 1 | L59: =SUM(Table142052[Oct-22]) -> 0 | M59: =SUM(Table142052[Nov-22]) -> 0 | N59: =SUM(Table142052[Dec-22]) -> 0 | O59: =SUM(Table142052[Total]) -> 4
B61: Zone 4
B62: Error Type | C62: Jan-22 | D62: Feb-22 | E62: Mar-22 | F62: Apr-22 | G62: May-22 | H62: Jun-22 | I62: Jul-22 | J62: Aug-22 | K62: Sep-22 | L62: Oct-22 | M62: Nov-22 | N62: Dec-22 | O62: Total
B63: A | C63: =COUNTIFS(ErrLogAreaJan,"Zone 4",ErrLogTypeJan,"A - *") -> 0 | D63: =COUNTIFS(ErrLogAreaFeb,"Zone 4",ErrLogTypeFeb,"A - *") -> 0 | E63: =COUNTIFS(ErrLogAreaMar,"Zone 4",ErrLogTypeMar,"A - *") -> 0 | F63: =COUNTIFS(ErrLogAreaApr,"Zone 4",ErrLogTypeApr,"A - *") -> 0 | G63: =COUNTIFS(ErrLogAreaMay,"Zone 4",ErrLogTypeMay,"A - *") -> 0 | H63: =COUNTIFS(ErrLogAreaJun,"Zone 4",ErrLogTypeJun,"A - *") -> 0 | I63: =COUNTIFS(ErrLogAreaJul,"Zone 4",ErrLogTypeJul,"A - *") -> 0 | J63: =COUNTIFS(ErrLogAreaAug,"Zone 4",ErrLogTypeAug,"A - *") -> 0 | K63: =COUNTIFS(ErrLogAreaSep,"Zone 4",ErrLogTypeSep,"A - *") -> 0 | L63: =COUNTIFS(ErrLogAreaOct,"Zone 4",ErrLogTypeOct,"A - *") -> 0 | M63: =COUNTIFS(ErrLogAreaNov,"Zone 4",ErrLogTypeNov,"A - *") -> 0 | N63: =COUNTIFS(ErrLogAreaDec,"Zone 4",ErrLogTypeDec,"A - *") -> 0 | O63: =SUM(Table142053[[#This Row],[Jan-22]:[Dec-22]]) -> 0
B64: B | C64: =COUNTIFS(ErrLogAreaJan,"Zone 4",ErrLogTypeJan,"B - *") -> 0 | D64: =COUNTIFS(ErrLogAreaFeb,"Zone 4",ErrLogTypeFeb,"B - *") -> 0 | E64: =COUNTIFS(ErrLogAreaMar,"Zone 4",ErrLogTypeMar,"B - *") -> 0 | F64: =COUNTIFS(ErrLogAreaApr,"Zone 4",ErrLogTypeApr,"B - *") -> 0 | G64: =COUNTIFS(ErrLogAreaMay,"Zone 4",ErrLogTypeMay,"B - *") -> 0 | H64: =COUNTIFS(ErrLogAreaJun,"Zone 4",ErrLogTypeJun,"B - *") -> 0 | I64: =COUNTIFS(ErrLogAreaJul,"Zone 4",ErrLogTypeJul,"B - *") -> 0 | J64: =COUNTIFS(ErrLogAreaAug,"Zone 4",ErrLogTypeAug,"B - *") -> 0 | K64: =COUNTIFS(ErrLogAreaSep,"Zone 4",ErrLogTypeSep,"B - *") -> 0 | L64: =COUNTIFS(ErrLogAreaOct,"Zone 4",ErrLogTypeOct,"B - *") -> 0 | M64: =COUNTIFS(ErrLogAreaNov,"Zone 4",ErrLogTypeNov,"B - *") -> 0 | N64: =COUNTIFS(ErrLogAreaDec,"Zone 4",ErrLogTypeDec,"B - *") -> 0 | O64: =SUM(Table142053[[#This Row],[Jan-22]:[Dec-22]]) -> 0
B65: C | C65: =COUNTIFS(ErrLogAreaJan,"Zone 4",ErrLogTypeJan,"C - *") -> 0 | D65: =COUNTIFS(ErrLogAreaFeb,"Zone 4",ErrLogTypeFeb,"C - *") -> 0 | E65: =COUNTIFS(ErrLogAreaMar,"Zone 4",ErrLogTypeMar,"C - *") -> 0 | F65: =COUNTIFS(ErrLogAreaApr,"Zone 4",ErrLogTypeApr,"C - *") -> 0 | G65: =COUNTIFS(ErrLogAreaMay,"Zone 4",ErrLogTypeMay,"C - *") -> 0 | H65: =COUNTIFS(ErrLogAreaJun,"Zone 4",ErrLogTypeJun,"C - *") -> 0 | I65: =COUNTIFS(ErrLogAreaJul,"Zone 4",ErrLogTypeJul,"C - *") -> 0 | J65: =COUNTIFS(ErrLogAreaAug,"Zone 4",ErrLogTypeAug,"C - *") -> 0 | K65: =COUNTIFS(ErrLogAreaSep,"Zone 4",ErrLogTypeSep,"C - *") -> 0 | L65: =COUNTIFS(ErrLogAreaOct,"Zone 4",ErrLogTypeOct,"C - *") -> 0 | M65: =COUNTIFS(ErrLogAreaNov,"Zone 4",ErrLogTypeNov,"C - *") -> 0 | N65: =COUNTIFS(ErrLogAreaDec,"Zone 4",ErrLogTypeDec,"C - *") -> 0 | O65: =SUM(Table142053[[#This Row],[Jan-22]:[Dec-22]]) -> 0
B66: D | C66: =COUNTIFS(ErrLogAreaJan,"Zone 4",ErrLogTypeJan,"D - *") -> 0 | D66: =COUNTIFS(ErrLogAreaFeb,"Zone 4",ErrLogTypeFeb,"D - *") -> 0 | E66: =COUNTIFS(ErrLogAreaMar,"Zone 4",ErrLogTypeMar,"D - *") -> 0 | F66: =COUNTIFS(ErrLogAreaApr,"Zone 4",ErrLogTypeApr,"D - *") -> 0 | G66: =COUNTIFS(ErrLogAreaMay,"Zone 4",ErrLogTypeMay,"D - *") -> 0 | H66: =COUNTIFS(ErrLogAreaJun,"Zone 4",ErrLogTypeJun,"D - *") -> 0 | I66: =COUNTIFS(ErrLogAreaJul,"Zone 4",ErrLogTypeJul,"D - *") -> 0 | J66: =COUNTIFS(ErrLogAreaAug,"Zone 4",ErrLogTypeAug,"D - *") -> 0 | K66: =COUNTIFS(ErrLogAreaSep,"Zone 4",ErrLogTypeSep,"D - *") -> 0 | L66: =COUNTIFS(ErrLogAreaOct,"Zone 4",ErrLogTypeOct,"D - *") -> 0 | M66: =COUNTIFS(ErrLogAreaNov,"Zone 4",ErrLogTypeNov,"D - *") -> 0 | N66: =COUNTIFS(ErrLogAreaDec,"Zone 4",ErrLogTypeDec,"D - *") -> 0 | O66: =SUM(Table142053[[#This Row],[Jan-22]:[Dec-22]]) -> 0
B67: E | C67: =COUNTIFS(ErrLogAreaJan,"Zone 4",ErrLogTypeJan,"E - *") -> 0 | D67: =COUNTIFS(ErrLogAreaFeb,"Zone 4",ErrLogTypeFeb,"E - *") -> 0 | E67: =COUNTIFS(ErrLogAreaMar,"Zone 4",ErrLogTypeMar,"E - *") -> 0 | F67: =COUNTIFS(ErrLogAreaApr,"Zone 4",ErrLogTypeApr,"E - *") -> 0 | G67: =COUNTIFS(ErrLogAreaMay,"Zone 4",ErrLogTypeMay,"E - *") -> 0 | H67: =COUNTIFS(ErrLogAreaJun,"Zone 4",ErrLogTypeJun,"E - *") -> 0 | I67: =COUNTIFS(ErrLogAreaJul,"Zone 4",ErrLogTypeJul,"E - *") -> 0 | J67: =COUNTIFS(ErrLogAreaAug,"Zone 4",ErrLogTypeAug,"E - *") -> 0 | K67: =COUNTIFS(ErrLogAreaSep,"Zone 4",ErrLogTypeSep,"E - *") -> 0 | L67: =COUNTIFS(ErrLogAreaOct,"Zone 4",ErrLogTypeOct,"E - *") -> 0 | M67: =COUNTIFS(ErrLogAreaNov,"Zone 4",ErrLogTypeNov,"E - *") -> 0 | N67: =COUNTIFS(ErrLogAreaDec,"Zone 4",ErrLogTypeDec,"E - *") -> 0 | O67: =SUM(Table142053[[#This Row],[Jan-22]:[Dec-22]]) -> 0
B68: F | C68: =COUNTIFS(ErrLogAreaJan,"Zone 4",ErrLogTypeJan,"F - *") -> 0 | D68: =COUNTIFS(ErrLogAreaFeb,"Zone 4",ErrLogTypeFeb,"F - *") -> 0 | E68: =COUNTIFS(ErrLogAreaMar,"Zone 4",ErrLogTypeMar,"F - *") -> 0 | F68: =COUNTIFS(ErrLogAreaApr,"Zone 4",ErrLogTypeApr,"F - *") -> 0 | G68: =COUNTIFS(ErrLogAreaMay,"Zone 4",ErrLogTypeMay,"F - *") -> 0 | H68: =COUNTIFS(ErrLogAreaJun,"Zone 4",ErrLogTypeJun,"F - *") -> 0 | I68: =COUNTIFS(ErrLogAreaJul,"Zone 4",ErrLogTypeJul,"F - *") -> 0 | J68: =COUNTIFS(ErrLogAreaAug,"Zone 4",ErrLogTypeAug,"F - *") -> 0 | K68: =COUNTIFS(ErrLogAreaSep,"Zone 4",ErrLogTypeSep,"F - *") -> 0 | L68: =COUNTIFS(ErrLogAreaOct,"Zone 4",ErrLogTypeOct,"F - *") -> 0 | M68: =COUNTIFS(ErrLogAreaNov,"Zone 4",ErrLogTypeNov,"F - *") -> 0 | N68: =COUNTIFS(ErrLogAreaDec,"Zone 4",ErrLogTypeDec,"F - *") -> 0 | O68: =SUM(Table142053[[#This Row],[Jan-22]:[Dec-22]]) -> 0
C69: =SUM(Table142053[Jan-22]) -> 0 | D69: =SUM(Table142053[Feb-22]) -> 0 | E69: =SUM(Table142053[Mar-22]) -> 0 | F69: =SUM(Table142053[Apr-22]) -> 0 | G69: =SUM(Table142053[May-22]) -> 0 | H69: =SUM(Table142053[Jun-22]) -> 0 | I69: =SUM(Table142053[Jul-22]) -> 0 | J69: =SUM(Table142053[Aug-22]) -> 0 | K69: =SUM(Table142053[Sep-22]) -> 0 | L69: =SUM(Table142053[Oct-22]) -> 0 | M69: =SUM(Table142053[Nov-22]) -> 0 | N69: =SUM(Table142053[Dec-22]) -> 0 | O69: =SUM(Table142053[Total]) -> 0
B71: Zone 6
B72: Error Type | C72: Jan-22 | D72: Feb-22 | E72: Mar-22 | F72: Apr-22 | G72: May-22 | H72: Jun-22 | I72: Jul-22 | J72: Aug-22 | K72: Sep-22 | L72: Oct-22 | M72: Nov-22 | N72: Dec-22 | O72: Total
B73: A | C73: =COUNTIFS(ErrLogAreaJan,"Zone 6",ErrLogTypeJan,"A - *") -> 0 | D73: =COUNTIFS(ErrLogAreaFeb,"Zone 6",ErrLogTypeFeb,"A - *") -> 0 | E73: =COUNTIFS(ErrLogAreaMar,"Zone 6",ErrLogTypeMar,"A - *") -> 0 | F73: =COUNTIFS(ErrLogAreaApr,"Zone 6",ErrLogTypeApr,"A - *") -> 0 | G73: =COUNTIFS(ErrLogAreaMay,"Zone 6",ErrLogTypeMay,"A - *") -> 0 | H73: =COUNTIFS(ErrLogAreaJun,"Zone 6",ErrLogTypeJun,"A - *") -> 0 | I73: =COUNTIFS(ErrLogAreaJul,"Zone 6",ErrLogTypeJul,"A - *") -> 0 | J73: =COUNTIFS(ErrLogAreaAug,"Zone 6",ErrLogTypeAug,"A - *") -> 0 | K73: =COUNTIFS(ErrLogAreaSep,"Zone 6",ErrLogTypeSep,"A - *") -> 0 | L73: =COUNTIFS(ErrLogAreaOct,"Zone 6",ErrLogTypeOct,"A - *") -> 0 | M73: =COUNTIFS(ErrLogAreaNov,"Zone 6",ErrLogTypeNov,"A - *") -> 0 | N73: =COUNTIFS(ErrLogAreaDec,"Zone 6",ErrLogTypeDec,"A - *") -> 0 | O73: =SUM(Table142054[[#This Row],[Jan-22]:[Dec-22]]) -> 0
B74: B | C74: =COUNTIFS(ErrLogAreaJan,"Zone 6",ErrLogTypeJan,"B - *") -> 4 | D74: =COUNTIFS(ErrLogAreaFeb,"Zone 6",ErrLogTypeFeb,"B - *") -> 0 | E74: =COUNTIFS(ErrLogAreaMar,"Zone 6",ErrLogTypeMar,"B - *") -> 2 | F74: =COUNTIFS(ErrLogAreaApr,"Zone 6",ErrLogTypeApr,"B - *") -> 0 | G74: =COUNTIFS(ErrLogAreaMay,"Zone 6",ErrLogTypeMay,"B - *") -> 1 | H74: =COUNTIFS(ErrLogAreaJun,"Zone 6",ErrLogTypeJun,"B - *") -> 1 | I74: =COUNTIFS(ErrLogAreaJul,"Zone 6",ErrLogTypeJul,"B - *") -> 1 | J74: =COUNTIFS(ErrLogAreaAug,"Zone 6",ErrLogTypeAug,"B - *") -> 0 | K74: =COUNTIFS(ErrLogAreaSep,"Zone 6",ErrLogTypeSep,"B - *") -> 1 | L74: =COUNTIFS(ErrLogAreaOct,"Zone 6",ErrLogTypeOct,"B - *") -> 0 | M74: =COUNTIFS(ErrLogAreaNov,"Zone 6",ErrLogTypeNov,"B - *") -> 0 | N74: =COUNTIFS(ErrLogAreaDec,"Zone 6",ErrLogTypeDec,"B - *") -> 0 | O74: =SUM(Table142054[[#This Row],[Jan-22]:[Dec-22]]) -> 10
B75: C | C75: =COUNTIFS(ErrLogAreaJan,"Zone 6",ErrLogTypeJan,"C - *") -> 0 | D75: =COUNTIFS(ErrLogAreaFeb,"Zone 6",ErrLogTypeFeb,"C - *") -> 1 | E75: =COUNTIFS(ErrLogAreaMar,"Zone 6",ErrLogTypeMar,"C - *") -> 1 | F75: =COUNTIFS(ErrLogAreaApr,"Zone 6",ErrLogTypeApr,"C - *") -> 0 | G75: =COUNTIFS(ErrLogAreaMay,"Zone 6",ErrLogTypeMay,"C - *") -> 3 | H75: =COUNTIFS(ErrLogAreaJun,"Zone 6",ErrLogTypeJun,"C - *") -> 1 | I75: =COUNTIFS(ErrLogAreaJul,"Zone 6",ErrLogTypeJul,"C - *") -> 0 | J75: =COUNTIFS(ErrLogAreaAug,"Zone 6",ErrLogTypeAug,"C - *") -> 1 | K75: =COUNTIFS(ErrLogAreaSep,"Zone 6",ErrLogTypeSep,"C - *") -> 0 | L75: =COUNTIFS(ErrLogAreaOct,"Zone 6",ErrLogTypeOct,"C - *") -> 1 | M75: =COUNTIFS(ErrLogAreaNov,"Zone 6",ErrLogTypeNov,"C - *") -> 0 | N75: =COUNTIFS(ErrLogAreaDec,"Zone 6",ErrLogTypeDec,"C - *") -> 0 | O75: =SUM(Table142054[[#This Row],[Jan-22]:[Dec-22]]) -> 8
B76: D | C76: =COUNTIFS(ErrLogAreaJan,"Zone 6",ErrLogTypeJan,"D - *") -> 0 | D76: =COUNTIFS(ErrLogAreaFeb,"Zone 6",ErrLogTypeFeb,"D - *") -> 0 | E76: =COUNTIFS(ErrLogAreaMar,"Zone 6",ErrLogTypeMar,"D - *") -> 0 | F76: =COUNTIFS(ErrLogAreaApr,"Zone 6",ErrLogTypeApr,"D - *") -> 0 | G76: =COUNTIFS(ErrLogAreaMay,"Zone 6",ErrLogTypeMay,"D - *") -> 0 | H76: =COUNTIFS(ErrLogAreaJun,"Zone 6",ErrLogTypeJun,"D - *") -> 0 | I76: =COUNTIFS(ErrLogAreaJul,"Zone 6",ErrLogTypeJul,"D - *") -> 0 | J76: =COUNTIFS(ErrLogAreaAug,"Zone 6",ErrLogTypeAug,"D - *") -> 0 | K76: =COUNTIFS(ErrLogAreaSep,"Zone 6",ErrLogTypeSep,"D - *") -> 0 | L76: =COUNTIFS(ErrLogAreaOct,"Zone 6",ErrLogTypeOct,"D - *") -> 0 | M76: =COUNTIFS(ErrLogAreaNov,"Zone 6",ErrLogTypeNov,"D - *") -> 0 | N76: =COUNTIFS(ErrLogAreaDec,"Zone 6",ErrLogTypeDec,"D - *") -> 0 | O76: =SUM(Table142054[[#This Row],[Jan-22]:[Dec-22]]) -> 0
B77: E | C77: =COUNTIFS(ErrLogAreaJan,"Zone 6",ErrLogTypeJan,"E - *") -> 2 | D77: =COUNTIFS(ErrLogAreaFeb,"Zone 6",ErrLogTypeFeb,"E - *") -> 2 | E77: =COUNTIFS(ErrLogAreaMar,"Zone 6",ErrLogTypeMar,"E - *") -> 2 | F77: =COUNTIFS(ErrLogAreaApr,"Zone 6",ErrLogTypeApr,"E - *") -> 1 | G77: =COUNTIFS(ErrLogAreaMay,"Zone 6",ErrLogTypeMay,"E - *") -> 0 | H77: =COUNTIFS(ErrLogAreaJun,"Zone 6",ErrLogTypeJun,"E - *") -> 1 | I77: =COUNTIFS(ErrLogAreaJul,"Zone 6",ErrLogTypeJul,"E - *") -> 1 | J77: =COUNTIFS(ErrLogAreaAug,"Zone 6",ErrLogTypeAug,"E - *") -> 0 | K77: =COUNTIFS(ErrLogAreaSep,"Zone 6",ErrLogTypeSep,"E - *") -> 0 | L77: =COUNTIFS(ErrLogAreaOct,"Zone 6",ErrLogTypeOct,"E - *") -> 2 | M77: =COUNTIFS(ErrLogAreaNov,"Zone 6",ErrLogTypeNov,"E - *") -> 0 | N77: =COUNTIFS(ErrLogAreaDec,"Zone 6",ErrLogTypeDec,"E - *") -> 1 | O77: =SUM(Table142054[[#This Row],[Jan-22]:[Dec-22]]) -> 12
B78: F | C78: =COUNTIFS(ErrLogAreaJan,"Zone 6",ErrLogTypeJan,"F - *") -> 0 | D78: =COUNTIFS(ErrLogAreaFeb,"Zone 6",ErrLogTypeFeb,"F - *") -> 0 | E78: =COUNTIFS(ErrLogAreaMar,"Zone 6",ErrLogTypeMar,"F - *") -> 0 | F78: =COUNTIFS(ErrLogAreaApr,"Zone 6",ErrLogTypeApr,"F - *") -> 0 | G78: =COUNTIFS(ErrLogAreaMay,"Zone 6",ErrLogTypeMay,"F - *") -> 0 | H78: =COUNTIFS(ErrLogAreaJun,"Zone 6",ErrLogTypeJun,"F - *") -> 0 | I78: =COUNTIFS(ErrLogAreaJul,"Zone 6",ErrLogTypeJul,"F - *") -> 0 | J78: =COUNTIFS(ErrLogAreaAug,"Zone 6",ErrLogTypeAug,"F - *") -> 0 | K78: =COUNTIFS(ErrLogAreaSep,"Zone 6",ErrLogTypeSep,"F - *") -> 0 | L78: =COUNTIFS(ErrLogAreaOct,"Zone 6",ErrLogTypeOct,"F - *") -> 0 | M78: =COUNTIFS(ErrLogAreaNov,"Zone 6",ErrLogTypeNov,"F - *") -> 0 | N78: =COUNTIFS(ErrLogAreaDec,"Zone 6",ErrLogTypeDec,"F - *") -> 0 | O78: =SUM(Table142054[[#This Row],[Jan-22]:[Dec-22]]) -> 0
C79: =SUM(Table142054[Jan-22]) -> 6 | D79: =SUM(Table142054[Feb-22]) -> 3 | E79: =SUM(Table142054[Mar-22]) -> 5 | F79: =SUM(Table142054[Apr-22]) -> 1 | G79: =SUM(Table142054[May-22]) -> 4 | H79: =SUM(Table142054[Jun-22]) -> 3 | I79: =SUM(Table142054[Jul-22]) -> 2 | J79: =SUM(Table142054[Aug-22]) -> 1 | K79: =SUM(Table142054[Sep-22]) -> 1 | L79: =SUM(Table142054[Oct-22]) -> 3 | M79: =SUM(Table142054[Nov-22]) -> 0 | N79: =SUM(Table142054[Dec-22]) -> 1 | O79: =SUM(Table142054[Total]) -> 30
B81: Stores
B82: Error Type | C82: Jan-22 | D82: Feb-22 | E82: Mar-22 | F82: Apr-22 | G82: May-22 | H82: Jun-22 | I82: Jul-22 | J82: Aug-22 | K82: Sep-22 | L82: Oct-22 | M82: Nov-22 | N82: Dec-22 | O82: Total
B83: A | C83: =COUNTIFS(ErrLogAreaJan,"Stores",ErrLogTypeJan,"A - *") -> 0 | D83: =COUNTIFS(ErrLogAreaFeb,"Stores",ErrLogTypeFeb,"A - *") -> 0 | E83: =COUNTIFS(ErrLogAreaMar,"Stores",ErrLogTypeMar,"A - *") -> 0 | F83: =COUNTIFS(ErrLogAreaApr,"Stores",ErrLogTypeApr,"A - *") -> 0 | G83: =COUNTIFS(ErrLogAreaMay,"Stores",ErrLogTypeMay,"A - *") -> 0 | H83: =COUNTIFS(ErrLogAreaJun,"Stores",ErrLogTypeJun,"A - *") -> 0 | I83: =COUNTIFS(ErrLogAreaJul,"Stores",ErrLogTypeJul,"A - *") -> 0 | J83: =COUNTIFS(ErrLogAreaAug,"Stores",ErrLogTypeAug,"A - *") -> 0 | K83: =COUNTIFS(ErrLogAreaSep,"Stores",ErrLogTypeSep,"A - *") -> 0 | L83: =COUNTIFS(ErrLogAreaOct,"Stores",ErrLogTypeOct,"A - *") -> 0 | M83: =COUNTIFS(ErrLogAreaNov,"Stores",ErrLogTypeNov,"A - *") -> 0 | N83: =COUNTIFS(ErrLogAreaDec,"Stores",ErrLogTypeDec,"A - *") -> 0 | O83: =SUM(Table142055[[#This Row],[Jan-22]:[Dec-22]]) -> 0
B84: B | C84: =COUNTIFS(ErrLogAreaJan,"Stores",ErrLogTypeJan,"B - *") -> 0 | D84: =COUNTIFS(ErrLogAreaFeb,"Stores",ErrLogTypeFeb,"B - *") -> 0 | E84: =COUNTIFS(ErrLogAreaMar,"Stores",ErrLogTypeMar,"B - *") -> 0 | F84: =COUNTIFS(ErrLogAreaApr,"Stores",ErrLogTypeApr,"B - *") -> 0 | G84: =COUNTIFS(ErrLogAreaMay,"Stores",ErrLogTypeMay,"B - *") -> 0 | H84: =COUNTIFS(ErrLogAreaJun,"Stores",ErrLogTypeJun,"B - *") -> 0 | I84: =COUNTIFS(ErrLogAreaJul,"Stores",ErrLogTypeJul,"B - *") -> 0 | J84: =COUNTIFS(ErrLogAreaAug,"Stores",ErrLogTypeAug,"B - *") -> 0 | K84: =COUNTIFS(ErrLogAreaSep,"Stores",ErrLogTypeSep,"B - *") -> 0 | L84: =COUNTIFS(ErrLogAreaOct,"Stores",ErrLogTypeOct,"B - *") -> 0 | M84: =COUNTIFS(ErrLogAreaNov,"Stores",ErrLogTypeNov,"B - *") -> 0 | N84: =COUNTIFS(ErrLogAreaDec,"Stores",ErrLogTypeDec,"B - *") -> 0 | O84: =SUM(Table142055[[#This Row],[Jan-22]:[Dec-22]]) -> 0
B85: C | C85: =COUNTIFS(ErrLogAreaJan,"Stores",ErrLogTypeJan,"C - *") -> 0 | D85: =COUNTIFS(ErrLogAreaFeb,"Stores",ErrLogTypeFeb,"C - *") -> 0 | E85: =COUNTIFS(ErrLogAreaMar,"Stores",ErrLogTypeMar,"C - *") -> 0 | F85: =COUNTIFS(ErrLogAreaApr,"Stores",ErrLogTypeApr,"C - *") -> 0 | G85: =COUNTIFS(ErrLogAreaMay,"Stores",ErrLogTypeMay,"C - *") -> 0 | H85: =COUNTIFS(ErrLogAreaJun,"Stores",ErrLogTypeJun,"C - *") -> 0 | I85: =COUNTIFS(ErrLogAreaJul,"Stores",ErrLogTypeJul,"C - *") -> 0 | J85: =COUNTIFS(ErrLogAreaAug,"Stores",ErrLogTypeAug,"C - *") -> 0 | K85: =COUNTIFS(ErrLogAreaSep,"Stores",ErrLogTypeSep,"C - *") -> 0 | L85: =COUNTIFS(ErrLogAreaOct,"Stores",ErrLogTypeOct,"C - *") -> 0 | M85: =COUNTIFS(ErrLogAreaNov,"Stores",ErrLogTypeNov,"C - *") -> 0 | N85: =COUNTIFS(ErrLogAreaDec,"Stores",ErrLogTypeDec,"C - *") -> 0 | O85: =SUM(Table142055[[#This Row],[Jan-22]:[Dec-22]]) -> 0
B86: D | C86: =COUNTIFS(ErrLogAreaJan,"Stores",ErrLogTypeJan,"D - *") -> 0 | D86: =COUNTIFS(ErrLogAreaFeb,"Stores",ErrLogTypeFeb,"D - *") -> 0 | E86: =COUNTIFS(ErrLogAreaMar,"Stores",ErrLogTypeMar,"D - *") -> 0 | F86: =COUNTIFS(ErrLogAreaApr,"Stores",ErrLogTypeApr,"D - *") -> 0 | G86: =COUNTIFS(ErrLogAreaMay,"Stores",ErrLogTypeMay,"D - *") -> 0 | H86: =COUNTIFS(ErrLogAreaJun,"Stores",ErrLogTypeJun,"D - *") -> 0 | I86: =COUNTIFS(ErrLogAreaJul,"Stores",ErrLogTypeJul,"D - *") -> 0 | J86: =COUNTIFS(ErrLogAreaAug,"Stores",ErrLogTypeAug,"D - *") -> 0 | K86: =COUNTIFS(ErrLogAreaSep,"Stores",ErrLogTypeSep,"D - *") -> 0 | L86: =COUNTIFS(ErrLogAreaOct,"Stores",ErrLogTypeOct,"D - *") -> 0 | M86: =COUNTIFS(ErrLogAreaNov,"Stores",ErrLogTypeNov,"D - *") -> 0 | N86: =COUNTIFS(ErrLogAreaDec,"Stores",ErrLogTypeDec,"D - *") -> 0 | O86: =SUM(Table142055[[#This Row],[Jan-22]:[Dec-22]]) -> 0
B87: E | C87: =COUNTIFS(ErrLogAreaJan,"Stores",ErrLogTypeJan,"E - *") -> 0 | D87: =COUNTIFS(ErrLogAreaFeb,"Stores",ErrLogTypeFeb,"E - *") -> 0 | E87: =COUNTIFS(ErrLogAreaMar,"Stores",ErrLogTypeMar,"E - *") -> 0 | F87: =COUNTIFS(ErrLogAreaApr,"Stores",ErrLogTypeApr,"E - *") -> 0 | G87: =COUNTIFS(ErrLogAreaMay,"Stores",ErrLogTypeMay,"E - *") -> 0 | H87: =COUNTIFS(ErrLogAreaJun,"Stores",ErrLogTypeJun,"E - *") -> 0 | I87: =COUNTIFS(ErrLogAreaJul,"Stores",ErrLogTypeJul,"E - *") -> 0 | J87: =COUNTIFS(ErrLogAreaAug,"Stores",ErrLogTypeAug,"E - *") -> 0 | K87: =COUNTIFS(ErrLogAreaSep,"Stores",ErrLogTypeSep,"E - *") -> 0 | L87: =COUNTIFS(ErrLogAreaOct,"Stores",ErrLogTypeOct,"E - *") -> 0 | M87: =COUNTIFS(ErrLogAreaNov,"Stores",ErrLogTypeNov,"E - *") -> 0 | N87: =COUNTIFS(ErrLogAreaDec,"Stores",ErrLogTypeDec,"E - *") -> 0 | O87: =SUM(Table142055[[#This Row],[Jan-22]:[Dec-22]]) -> 0
B88: F | C88: =COUNTIFS(ErrLogAreaJan,"Stores",ErrLogTypeJan,"F - *") -> 0 | D88: =COUNTIFS(ErrLogAreaFeb,"Stores",ErrLogTypeFeb,"F - *") -> 0 | E88: =COUNTIFS(ErrLogAreaMar,"Stores",ErrLogTypeMar,"F - *") -> 0 | F88: =COUNTIFS(ErrLogAreaApr,"Stores",ErrLogTypeApr,"F - *") -> 0 | G88: =COUNTIFS(ErrLogAreaMay,"Stores",ErrLogTypeMay,"F - *") -> 0 | H88: =COUNTIFS(ErrLogAreaJun,"Stores",ErrLogTypeJun,"F - *") -> 0 | I88: =COUNTIFS(ErrLogAreaJul,"Stores",ErrLogTypeJul,"F - *") -> 0 | J88: =COUNTIFS(ErrLogAreaAug,"Stores",ErrLogTypeAug,"F - *") -> 0 | K88: =COUNTIFS(ErrLogAreaSep,"Stores",ErrLogTypeSep,"F - *") -> 0 | L88: =COUNTIFS(ErrLogAreaOct,"Stores",ErrLogTypeOct,"F - *") -> 0 | M88: =COUNTIFS(ErrLogAreaNov,"Stores",ErrLogTypeNov,"F - *") -> 0 | N88: =COUNTIFS(ErrLogAreaDec,"Stores",ErrLogTypeDec,"F - *") -> 0 | O88: =SUM(Table142055[[#This Row],[Jan-22]:[Dec-22]]) -> 0
C89: =SUM(Table142055[Jan-22]) -> 0 | D89: =SUM(Table142055[Feb-22]) -> 0 | E89: =SUM(Table142055[Mar-22]) -> 0 | F89: =SUM(Table142055[Apr-22]) -> 0 | G89: =SUM(Table142055[May-22]) -> 0 | H89: =SUM(Table142055[Jun-22]) -> 0 | I89: =SUM(Table142055[Jul-22]) -> 0 | J89: =SUM(Table142055[Aug-22]) -> 0 | K89: =SUM(Table142055[Sep-22]) -> 0 | L89: =SUM(Table142055[Oct-22]) -> 0 | M89: =SUM(Table142055[Nov-22]) -> 0 | N89: =SUM(Table142055[Dec-22]) -> 0 | O89: =SUM(Table142055[Total]) -> 0

Sheet Data
B2: Production Area
B3: Zone 3
B4: Zone 4
B5: Zone 5 AD
B6: Zone 5 Cyt
B7: Zone 5 PN
B8: Zone 6
B9: NCCC
B10: Stores
B11: Licensed Satus
B12: A - Made under MS License
B13: B - Made under Section 10
... B357: Op 200

Sheet Error by Day
B2: Number of Errors by Day
B4: 43466 | C4: ='Jan 22'!C3 -> 44562 | D4: =C4+1 -> 44563 | E4: =D4+1 -> 44564 | F4: =E4+1 -> 44565 | G4: =F4+1 -> 44566 | H4: =G4+1 -> 44567 | I4: =H4+1 -> 44568 | J4: =I4+1 -> 44569 | K4: =J4+1 -> 44570 | ... AG4: =AF4+1 -> 44592
C5: =COUNTIF(ErrLogDateJan,C4) -> 0 | D5: =COUNTIF(ErrLogDateJan,D4) -> 0 | E5: =COUNTIF(ErrLogDateJan,E4) -> 0 | F5: =COUNTIF(ErrLogDateJan,F4) -> 10 | G5: =COUNTIF(ErrLogDateJan,G4) -> 9 | H5: =COUNTIF(ErrLogDateJan,H4) -> 7 | I5: =COUNTIF(ErrLogDateJan,I4) -> 4 | J5: =COUNTIF(ErrLogDateJan,J4) -> 0 | ... AG5: =COUNTIF(ErrLogDateJan,AG4) -> 4
B7: 43497 | C7: ='Feb 22'!C3 -> 44593 | D7: =C7+1 -> 44594 | E7: =D7+1 -> 44595 | F7: =E7+1 -> 44596 | G7: =F7+1 -> 44597 | H7: =G7+1 -> 44598 | I7: =H7+1 -> 44599 | J7: =I7+1 -> 44600 | K7: =J7+1 -> 44601 | ... AD7: =AC7+1 -> 44620
C8: =COUNTIF(ErrLogDateFeb,C7) -> 9 | D8: =COUNTIF(ErrLogDateFeb,D7) -> 4 | E8: =COUNTIF(ErrLogDateFeb,E7) -> 11 | F8: =COUNTIF(ErrLogDateFeb,F7) -> 9 | G8: =COUNTIF(ErrLogDateFeb,G7) -> 0 | H8: =COUNTIF(ErrLogDateFeb,H7) -> 0 | I8: =COUNTIF(ErrLogDateFeb,I7) -> 7 | J8: =COUNTIF(ErrLogDateFeb,J7) -> 9 | ... AD8: =COUNTIF(ErrLogDateFeb,AD7) -> 8
B10: 43525 | C10: ='Mar 22'!C3 -> 44621 | D10: =C10+1 -> 44622 | E10: =D10+1 -> 44623 | F10: =E10+1 -> 44624 | G10: =F10+1 -> 44625 | H10: =G10+1 -> 44626 | I10: =H10+1 -> 44627 | J10: =I10+1 -> 44628 | K10: =J10+1 -> 44629 | ... AG10: =AF10+1 -> 44651
C11: =COUNTIF(ErrLogDateMar,C10) -> 2 | D11: =COUNTIF(ErrLogDateMar,D10) -> 7 | E11: =COUNTIF(ErrLogDateMar,E10) -> 10 | F11: =COUNTIF(ErrLogDateMar,F10) -> 7 | G11: =COUNTIF(ErrLogDateMar,G10) -> 0 | H11: =COUNTIF(ErrLogDateMar,H10) -> 0 | I11: =COUNTIF(ErrLogDateMar,I10) -> 4 | J11: =COUNTIF(ErrLogDateMar,J10) -> 5 | ... AG11: =COUNTIF(ErrLogDateMar,AG10) -> 3
B13: 43556 | C13: ='Apr 22'!C3 -> 44652 | D13: =C13+1 -> 44653 | E13: =D13+1 -> 44654 | F13: =E13+1 -> 44655 | G13: =F13+1 -> 44656 | H13: =G13+1 -> 44657 | I13: =H13+1 -> 44658 | J13: =I13+1 -> 44659 | K13: =J13+1 -> 44660 | ... AF13: =AE13+1 -> 44681
C14: =COUNTIF(ErrLogDateApr,C13) -> 6 | D14: =COUNTIF(ErrLogDateApr,D13) -> 0 | E14: =COUNTIF(ErrLogDateApr,E13) -> 0 | F14: =COUNTIF(ErrLogDateApr,F13) -> 10 | G14: =COUNTIF(ErrLogDateApr,G13) -> 4 | H14: =COUNTIF(ErrLogDateApr,H13) -> 7 | I14: =COUNTIF(ErrLogDateApr,I13) -> 1 | J14: =COUNTIF(ErrLogDateApr,J13) -> 8 | ... AF14: =COUNTIF(ErrLogDateApr,AF13) -> 0
B16: 43586 | C16: ='May 22'!C3 -> 44682 | D16: =C16+1 -> 44683 | E16: =D16+1 -> 44684 | F16: =E16+1 -> 44685 | G16: =F16+1 -> 44686 | H16: =G16+1 -> 44687 | I16: =H16+1 -> 44688 | J16: =I16+1 -> 44689 | K16: =J16+1 -> 44690 | ... AG16: =AF16+1 -> 44712
C17: =COUNTIF(ErrLogDateMay,C16) -> 0 | D17: =COUNTIF(ErrLogDateMay,D16) -> 0 | E17: =COUNTIF(ErrLogDateMay,E16) -> 2 | F17: =COUNTIF(ErrLogDateMay,F16) -> 3 | G17: =COUNTIF(ErrLogDateMay,G16) -> 9 | H17: =COUNTIF(ErrLogDateMay,H16) -> 4 | I17: =COUNTIF(ErrLogDateMay,I16) -> 0 | J17: =COUNTIF(ErrLogDateMay,J16) -> 0 | ... AG17: =COUNTIF(ErrLogDateMay,AG16) -> 7
B19: 43617 | C19: ='Jun 22'!C3 -> 44713 | D19: =C19+1 -> 44714 | E19: =D19+1 -> 44715 | F19: =E19+1 -> 44716 | G19: =F19+1 -> 44717 | H19: =G19+1 -> 44718 | I19: =H19+1 -> 44719 | J19: =I19+1 -> 44720 | K19: =J19+1 -> 44721 | ... AF19: =AE19+1 -> 44742
C20: =COUNTIF(ErrLogDateJun,C19) -> 8 | D20: =COUNTIF(ErrLogDateJun,D19) -> 0 | E20: =COUNTIF(ErrLogDateJun,E19) -> 0 | F20: =COUNTIF(ErrLogDateJun,F19) -> 0 | G20: =COUNTIF(ErrLogDateJun,G19) -> 0 | H20: =COUNTIF(ErrLogDateJun,H19) -> 7 | I20: =COUNTIF(ErrLogDateJun,I19) -> 3 | J20: =COUNTIF(ErrLogDateJun,J19) -> 3 | ... AF20: =COUNTIF(ErrLogDateJun,AF19) -> 5
B22: 43647 | C22: ='Jul 22'!C3 -> 44743 | D22: =C22+1 -> 44744 | E22: =D22+1 -> 44745 | F22: =E22+1 -> 44746 | G22: =F22+1 -> 44747 | H22: =G22+1 -> 44748 | I22: =H22+1 -> 44749 | J22: =I22+1 -> 44750 | K22: =J22+1 -> 44751 | ... AG22: =AF22+1 -> 44773
C23: =COUNTIF(ErrLogDateJul,C22) -> 7 | D23: =COUNTIF(ErrLogDateJul,D22) -> 0 | E23: =COUNTIF(ErrLogDateJul,E22) -> 0 | F23: =COUNTIF(ErrLogDateJul,F22) -> 3 | G23: =COUNTIF(ErrLogDateJul,G22) -> 6 | H23: =COUNTIF(ErrLogDateJul,H22) -> 5 | I23: =COUNTIF(ErrLogDateJul,I22) -> 6 | J23: =COUNTIF(ErrLogDateJul,J22) -> 4 | ... AG23: =COUNTIF(ErrLogDateJul,AG22) -> 0
B25: 43678 | C25: ='Aug 22'!C3 -> 44774 | D25: =C25+1 -> 44775 | E25: =D25+1 -> 44776 | F25: =E25+1 -> 44777 | G25: =F25+1 -> 44778 | H25: =G25+1 -> 44779 | I25: =H25+1 -> 44780 | J25: =I25+1 -> 44781 | K25: =J25+1 -> 44782 | ... AG25: =AF25+1 -> 44804
C26: =COUNTIF(ErrLogDateAug,C25) -> 5 | D26: =COUNTIF(ErrLogDateAug,D25) -> 4 | E26: =COUNTIF(ErrLogDateAug,E25) -> 4 | F26: =COUNTIF(ErrLogDateAug,F25) -> 8 | G26: =COUNTIF(ErrLogDateAug,G25) -> 6 | H26: =COUNTIF(ErrLogDateAug,H25) -> 0 | I26: =COUNTIF(ErrLogDateAug,I25) -> 0 | J26: =COUNTIF(ErrLogDateAug,J25) -> 6 | ... AG26: =COUNTIF(ErrLogDateAug,AG25) -> 5
B28: 43709 | C28: ='Sep 22'!C3 -> 44805 | D28: =C28+1 -> 44806 | E28: =D28+1 -> 44807 | F28: =E28+1 -> 44808 | G28: =F28+1 -> 44809 | H28: =G28+1 -> 44810 | I28: =H28+1 -> 44811 | J28: =I28+1 -> 44812 | K28: =J28+1 -> 44813 | ... AF28: =AE28+1 -> 44834
C29: =COUNTIF(ErrLogDateSep,C28) -> 6 | D29: =COUNTIF(ErrLogDateSep,D28) -> 10 | E29: =COUNTIF(ErrLogDateSep,E28) -> 0 | F29: =COUNTIF(ErrLogDateSep,F28) -> 0 | G29: =COUNTIF(ErrLogDateSep,G28) -> 13 | H29: =COUNTIF(ErrLogDateSep,H28) -> 6 | I29: =COUNTIF(ErrLogDateSep,I28) -> 7 | J29: =COUNTIF(ErrLogDateSep,J28) -> 7 | ... AF29: =COUNTIF(ErrLogDateSep,AF28) -> 5
B31: 43739 | C31: ='Oct 22'!C3 -> 44835 | D31: =C31+1 -> 44836 | E31: =D31+1 -> 44837 | F31: =E31+1 -> 44838 | G31: =F31+1 -> 44839 | H31: =G31+1 -> 44840 | I31: =H31+1 -> 44841 | J31: =I31+1 -> 44842 | K31: =J31+1 -> 44843 | ... AG31: =AF31+1 -> 44865
C32: =COUNTIF(ErrLogDateOct,C31) -> 0 | D32: =COUNTIF(ErrLogDateOct,D31) -> 0 | E32: =COUNTIF(ErrLogDateOct,E31) -> 1 | F32: =COUNTIF(ErrLogDateOct,F31) -> 3 | G32: =COUNTIF(ErrLogDateOct,G31) -> 8 | H32: =COUNTIF(ErrLogDateOct,H31) -> 12 | I32: =COUNTIF(ErrLogDateOct,I31) -> 2 | J32: =COUNTIF(ErrLogDateOct,J31) -> 0 | ... AG32: =COUNTIF(ErrLogDateOct,AG31) -> 3
B34: 43770 | C34: ='Nov 22'!C3 -> 44866 | D34: =C34+1 -> 44867 | E34: =D34+1 -> 44868 | F34: =E34+1 -> 44869 | G34: =F34+1 -> 44870 | H34: =G34+1 -> 44871 | I34: =H34+1 -> 44872 | J34: =I34+1 -> 44873 | K34: =J34+1 -> 44874 | ... AF34: =AE34+1 -> 44895
C35: =COUNTIF(ErrLogDateNov,C34) -> 5 | D35: =COUNTIF(ErrLogDateNov,D34) -> 5 | E35: =COUNTIF(ErrLogDateNov,E34) -> 11 | F35: =COUNTIF(ErrLogDateNov,F34) -> 8 | G35: =COUNTIF(ErrLogDateNov,G34) -> 0 | H35: =COUNTIF(ErrLogDateNov,H34) -> 0 | I35: =COUNTIF(ErrLogDateNov,I34) -> 1 | J35: =COUNTIF(ErrLogDateNov,J34) -> 6 | ... AF35: =COUNTIF(ErrLogDateNov,AF34) -> 2
B37: 43800 | C37: ='Dec 22'!C3 -> 44896 | D37: =C37+1 -> 44897 | E37: =D37+1 -> 44898 | F37: =E37+1 -> 44899 | G37: =F37+1 -> 44900 | H37: =G37+1 -> 44901 | I37: =H37+1 -> 44902 | J37: =I37+1 -> 44903 | K37: =J37+1 -> 44904 | ... AG37: =AF37+1 -> 44926
C38: =COUNTIF(ErrLogDateDec,C37) -> 4 | D38: =COUNTIF(ErrLogDateDec,D37) -> 2 | E38: =COUNTIF(ErrLogDateDec,E37) -> 0 | F38: =COUNTIF(ErrLogDateDec,F37) -> 0 | G38: =COUNTIF(ErrLogDateDec,G37) -> 4 | H38: =COUNTIF(ErrLogDateDec,H37) -> 4 | I38: =COUNTIF(ErrLogDateDec,I37) -> 4 | J38: =COUNTIF(ErrLogDateDec,J37) -> 4 | ... AG38: =COUNTIF(ErrLogDateDec,AG37) -> 0
